1;Goldy;2020-8-24 1:45:57;1;0;1;1;szuka;5;29;3;kutya;Drótszőrű magyar vizsla;allatkepek/298.jpg;Anim duis ullamco veniam dolor fugiat. Laborum nisi esse adipiscing nulla commodo reprehenderit mollit sint sit.;Culpa in et dolore. Sunt non labore consequat voluptate excepteur incididunt. Anim sit aute aliquip est cillum nisi dolore irure duis.;e0I3Xr@PG0ZY60m.com;+36504886741;0;4
2;Nina;2023-7-27 3:41:11;0;0;0;0;szuka;12;46;2;kutya;Jämthund;allatkepek/204.jpg;Culpa ea ipsum laborum qui quis proident in labore qui. Aliquip elit eiusmod esse, proident incididunt commodo magna exercitation nisi aliquip minim laboris consectetur, dolore exercitation aute tempor voluptate ut non ad.;Dolor sunt cillum quis aliqua anim laboris in ad occaecat. Cupidatat nulla non cillum ut veniam. Sit id exercitation elit ex mollit eu fugiat, do qui consectetur veniam dolore proident.;7zsx5380q@8twIC5Bw.com;+36307852359;0;3
3;Pötyi;2021-6-12 7:33:13;0;0;1;0;szuka;9;31;3;kutya;Shar pei;allatkepek/216.jpg;Velit culpa occaecat reprehenderit ea. Commodo ut dolore exercitation deserunt aliqua magna sint.;Occaecat aliqua velit mollit cupidatat. Proident exercitation et commodo quis, amet ex dolor elit fugiat eu excepteur mollit culpa eiusmod. Ullamco ad ullamco pariatur.;oE4O@4ycUfGrRYe.com;+36506832696;0;4
4;Szeti;2021-2-12 16:42:59;0;0;0;0;szuka;17;11;4;kutya;Szálkásszőrű német vizsla, Kromfohrlandi keverék;allatkepek/230.jpg;Officia magna sint ea nostrud cillum, esse quis nostrud minim ipsum enim amet cillum do. Aliqua fugiat culpa fugiat proident ut adipiscing nisi laborum.;Nostrud nostrud sed laborum in veniam culpa. Laboris proident irure dolor. Et qui aute sed enim, ut proident aliquip nisi minim pariatur fugiat deserunt tempor eu.;DVzxqfw6@XXA.com;+36407973963;0;4
5;Teo;2022-10-2 8:59:5;0;0;0;1;kan;5;48;2;kutya;Drótszőrű portugál kopó, Olasz agár keverék;allatkepek/227.jpg;Ut incididunt proident ullamco amet eiusmod aute. In dolore fugiat ad voluptate voluptate sed, excepteur deserunt ea laboris consectetur lorem dolore minim minim aliqua.;Sit cillum ut irure. Tempor minim voluptate dolore qui nulla esse anim et. Laborum dolor eiusmod nostrud occaecat et.;KQTv5IyT@xsjtlbrhc2.com;+36507233429;0;3
6;Maya;2022-3-27 1:57:24;0;0;1;0;kan;3;5;3;macska;korat;allatkepek/92.jpg;Nulla in anim incididunt duis eu, ea do deserunt elit reprehenderit proident, voluptate amet incididunt ipsum anim laborum eiusmod officia. Cupidatat nisi do nostrud sint enim ut.;Sint ea incididunt anim sed ipsum eiusmod et eiusmod. Lorem tempor culpa fugiat et, irure ipsum id dolore enim laboris ullamco. Eu amet cillum voluptate aliqua ea lorem.;3aIJv@uD9.com;+36603311401;0;2
7;Rea;2022-5-9 20:23:26;1;0;1;0;kan;17;25;2;kutya;Lapp pásztorkutya, Poitevin keverék;allatkepek/318.jpg;Ea nulla reprehenderit nisi qui excepteur cillum eiusmod nulla incididunt. Quis enim voluptate veniam elit, et eiusmod consequat dolor aliquip consequat laborum.;Culpa anim nisi adipiscing, irure aliquip excepteur cillum lorem, dolore laboris occaecat irure ad consequat non consectetur est nisi. Labore aliqua occaecat eu deserunt voluptate. Nostrud id dolor aute fugiat ipsum reprehenderit minim est ex, ut id lorem incididunt culpa mollit id cupidatat cillum sit.;jWz7GWt@WiOV.com;+36404230869;0;2
8;Kaarjack;2020-12-12 10:27:14;0;0;1;0;szuka;18;50;2;macska;fekete;allatkepek/7.jpg;Sunt quis occaecat eiusmod sint lorem tempor adipiscing, minim ex fugiat dolore incididunt ea. Eu officia laborum nulla ullamco nostrud deserunt mollit.;Elit sed sed lorem incididunt reprehenderit. Ullamco cupidatat irure est fugiat esse consectetur sed qui. Enim velit quis et aute irure pariatur tempor quis.;iPf9TID@7dYst7.com;+36409154165;0;2
9;Karesz;2021-1-11 3:57:40;1;0;0;0;szuka;5;12;2;kutya;Pont-Audemer-i spániel, Kaukázusi juhászkutya keverék;allatkepek/221.jpg;Minim ea ex proident proident sit cillum officia ad excepteur, consequat veniam dolore aliquip ipsum. In aliqua fugiat labore occaecat est, incididunt culpa et tempor irure aute ex dolor.;Nisi et minim laboris. Ad commodo elit exercitation. Commodo ipsum qui culpa.;yLMQ@fnHsycA.com;+3640908953;0;8
10;Pedró;2021-11-5 23:28:17;1;0;1;1;szuka;9;11;1;kutya;Coton de tuléar, Eszkimó kutya keverék;allatkepek/324.jpg;Est voluptate id ullamco occaecat velit et ad nostrud pariatur. Aliquip non anim irure ex, aliqua ex consectetur sunt magna id laborum voluptate.;Cillum magna velit irure reprehenderit sit proident. In tempor adipiscing nulla qui pariatur mollit nisi proident. Aliquip aliqua ullamco ex.;57E@1arRp4TG.com;+36502427075;0;8
11;Narancs;2021-11-25 0:28:59;1;0;1;0;kan;15;17;4;macska;foltos vörös cirmos;allatkepek/24.jpg;Commodo amet culpa sint anim. Incididunt eiusmod quis aliquip consequat magna sed.;Veniam ullamco magna commodo dolore ex, consectetur veniam id fugiat, aliqua nostrud qui magna duis lorem amet veniam tempor sint. Voluptate ipsum cupidatat est nostrud, fugiat cupidatat proident mollit occaecat do eiusmod. Aliqua labore non sunt excepteur eu ea id.;YRiqPgy@V8uy.com;+36401765033;0;1
12;Zsömi;2023-10-8 22:36:39;0;0;0;0;szuka;4;40;4;macska;teknőctarka;allatkepek/81.jpg;Ex ad eiusmod dolor nostrud voluptate dolor et ex. Duis anim laborum aute sed magna, occaecat eiusmod in tempor qui.;Mollit ullamco velit quis veniam ullamco duis. Eiusmod esse pariatur aute fugiat minim est, occaecat ad proident cillum est ad excepteur irure. Fugiat sunt occaecat in dolore eiusmod sit velit ut quis, cupidatat mollit cillum amet officia enim quis lorem, labore ipsum incididunt anim ex sint nulla deserunt consectetur reprehenderit.;cORNrR@qJEbHmHDdO.com;+36601129787;0;1
13;Jupiter;2022-6-23 14:47:17;1;0;1;0;szuka;14;10;1;macska;balinéz;allatkepek/98.jpg;Velit in nostrud cillum anim duis. Pariatur nisi nulla aliquip do est officia.;Ex consequat nulla in. Anim sint eu in veniam minim cupidatat incididunt magna enim. Excepteur consectetur non nulla id amet nostrud ea culpa, nisi ut quis tempor fugiat fugiat duis lorem.;TId@uPfuU8.com;+36304962801;0;3
14;Szeti;2020-8-28 6:50:21;1;0;1;1;szuka;14;27;1;kutya;Burgosi vizsla;allatkepek/301.jpg;Sint consectetur adipiscing deserunt aute lorem anim minim, minim proident non sed id dolore nisi eiusmod. Duis et officia laboris laborum enim.;Velit sunt cupidatat velit aliquip dolore minim do amet deserunt. Nostrud culpa aute qui irure anim pariatur duis cupidatat ea, lorem elit id cupidatat non laboris. Minim eiusmod irure et velit aliqua pariatur deserunt.;NfefsSKiu@ENgIClcYJ.com;+3640694383;0;7
15;Stella;2020-8-2 15:4:1;0;0;0;1;szuka;16;40;1;kutya;Fekete-cser mosómedvekopó;allatkepek/163.jpg;Mollit in elit aliqua laboris labore nostrud excepteur. Deserunt officia sint ut anim officia magna sunt minim deserunt, id dolore dolore ex dolor lorem adipiscing minim aliquip est.;Sunt tempor magna amet aliquip sint cupidatat. Voluptate excepteur adipiscing mollit exercitation pariatur laborum, qui aliqua dolore id velit esse dolor lorem dolor, eiusmod ipsum nisi ut duis minim commodo sed et. Officia proident sint aliquip excepteur ex.;kDP2KyS9a@82xPHh0d.com;+3660926147;0;1
16;Parádé;2023-3-21 3:7:16;1;0;1;1;kan;10;5;2;macska;ezüst cirmos perzsa;allatkepek/124.jpg;Amet sed nostrud fugiat fugiat est officia tempor pariatur, non et nulla anim officia id eu reprehenderit pariatur sit, sunt enim do esse. Occaecat aliquip elit dolore quis dolor lorem reprehenderit sed, elit sint dolore irure nulla.;Incididunt minim irure velit consequat pariatur esse laborum veniam fugiat. In ipsum eiusmod dolore aliquip in ex esse velit enim. Dolore do incididunt ut amet consectetur laborum sint, labore anim adipiscing labore minim magna officia eiusmod.;kkdQ@9dQmoJ1N.com;+36403226945;0;4
17;Mazsola;2021-11-14 7:30:28;1;0;1;0;szuka;12;4;4;macska;orosz kék;allatkepek/96.jpg;Deserunt duis minim fugiat. Non in irure dolor pariatur esse sunt labore.;Reprehenderit elit culpa incididunt, laboris consequat pariatur irure nostrud nisi qui. Id ex officia duis ut amet reprehenderit, tempor occaecat minim adipiscing et, non non aliquip laborum eiusmod veniam. Ipsum fugiat ad nostrud in ea culpa, eu sint aute ullamco lorem magna.;JNK0E@oypyEbkIF1.com;+36505452816;0;4
18;Kelly;2023-8-27 14:7:4;1;0;0;1;szuka;1;38;3;macska;kámea perzsa;allatkepek/79.jpg;Fugiat est enim ad. Ad occaecat commodo veniam sit non reprehenderit nostrud sint do, amet esse lorem laborum elit exercitation minim pariatur dolore.;Commodo qui aliqua ut magna irure eu. Occaecat occaecat nisi lorem nulla adipiscing exercitation labore laboris proident. Reprehenderit non sit laboris veniam adipiscing irure tempor non.;7oXeF37@4l9l3HNbMe.com;+36503460846;0;7
19;Lasszó;2023-6-20 12:51:17;1;0;1;0;szuka;1;34;3;macska;fekete-fehér perzsa;allatkepek/62.jpg;Dolore qui ut exercitation consectetur incididunt esse laborum. Occaecat labore dolor velit.;Aute et enim aliquip laboris non anim fugiat ullamco sunt. Laborum incididunt reprehenderit culpa exercitation lorem sed cupidatat consequat, sed reprehenderit irure deserunt voluptate mollit, officia dolor nulla id. Sit occaecat eiusmod consequat commodo velit voluptate laborum, adipiscing irure aliqua mollit aliqua anim sint veniam.;K2hxNdubtY@jyncy.com;+36501551953;0;7
20;Ibis;2022-6-22 24:54:47;0;0;0;1;kan;12;32;3;kutya;Cairn terrier;allatkepek/211.jpg;Do enim lorem labore cupidatat, et laborum deserunt sint qui laboris consequat consectetur commodo. Dolor ea amet nostrud est magna velit laborum.;Fugiat pariatur in anim ex sunt. Cupidatat ad aute culpa minim do. Minim excepteur exercitation elit dolor sint, cillum sunt magna dolore consectetur, non qui eiusmod ullamco enim culpa.;NGR7@P10MfBZ.com;+36501211147;0;3
21;Fabula;2022-4-6 3:21:31;0;0;0;0;szuka;19;19;2;kutya;Drenti vizsla;allatkepek/267.jpg;Veniam cillum ea duis. Nostrud mollit ex est.;Id elit laboris fugiat esse ea sed officia sed. Enim ad mollit labore non mollit ut. Quis sint nostrud est exercitation cillum.;qsLHh@c7P.com;+36507865089;0;3
22;Bella;2023-10-6 7:23:51;1;0;1;0;szuka;14;41;3;kutya;Lengyel agár;allatkepek/173.jpg;Proident aute dolore adipiscing velit incididunt aliquip ullamco minim, ullamco et velit aute, non enim incididunt culpa elit laborum eiusmod. Voluptate exercitation eu nostrud labore id elit adipiscing.;Commodo dolor mollit labore pariatur. Incididunt quis ex reprehenderit sit consequat fugiat pariatur, nulla est voluptate fugiat labore et qui duis, culpa elit cillum deserunt. Cillum occaecat laborum proident culpa.;lOs4D@U3ulh0xx.com;+36609576718;0;8
23;Chilli;2023-3-2 11:40:3;0;0;1;1;kan;17;4;1;kutya;Brabanti kis griffon;allatkepek/290.jpg;Laboris nulla id culpa nostrud nostrud est enim sunt et. Nisi non sint magna proident elit sint elit, lorem culpa enim minim.;Proident aliquip esse dolore deserunt et elit. Ullamco elit officia nisi velit quis consequat ad, adipiscing minim lorem dolor et duis consectetur officia eu. Amet sunt laboris enim.;HHHgg3@fdq0RpyX.com;+3640682443;0;1
24;Szofi;2020-3-11 15:12:13;1;0;0;0;szuka;16;37;3;macska;barna burma;allatkepek/102.jpg;Nisi amet elit fugiat velit cupidatat est. Ipsum sed aute anim duis elit eu laborum enim.;Anim labore excepteur laboris non esse, reprehenderit commodo cupidatat voluptate ex veniam lorem. Anim deserunt minim sit nostrud. Esse aliqua amet officia lorem.;RGq@RJ9nXwrY.com;+36406304318;0;3
25;Viti;2023-12-11 20:38:8;1;0;0;1;szuka;14;50;2;kutya;Amerikai-kanadai fehér juhászkutya;allatkepek/216.jpg;Ullamco cupidatat amet culpa ex. Fugiat sed culpa lorem aliqua id consequat anim, est dolore dolor mollit ea reprehenderit quis, elit esse qui dolor aute eiusmod excepteur officia nisi adipiscing.;Ex lorem cupidatat minim adipiscing pariatur. Irure in cupidatat sit proident duis sunt ut est anim. Eiusmod aute excepteur esse aliqua dolor id.;kXlDt@sK06.com;+36607785914;0;7
26;Adél;2022-9-8 10:15:35;0;0;0;1;szuka;18;15;2;kutya;Alaszkai malamut;allatkepek/300.jpg;Nisi ullamco veniam sint laboris duis, fugiat laboris duis est eu ad ipsum et, eiusmod irure proident nulla. Aliqua amet labore tempor amet in excepteur.;Et nisi ullamco excepteur sint id. Dolore eiusmod consequat fugiat dolor elit nostrud cupidatat. Commodo sunt in non est sint sit fugiat sint velit.;ku7@zj4X.com;+36401357395;0;3
27;Gandhi;2023-8-12 7:57:7;0;0;1;0;kan;3;45;1;kutya;Havannai pincs, Portugál juhászkutya keverék;allatkepek/166.jpg;Consectetur sit qui amet et minim sed velit, eiusmod mollit ad enim elit voluptate. Nostrud anim sunt non qui est ex adipiscing ipsum reprehenderit.;Quis sit tempor ea sed magna ullamco quis id. Ut cupidatat mollit nostrud. Est nisi sit excepteur exercitation officia velit pariatur id.;nEJ@xHX.com;+36401888230;0;3
28;Pongó;2023-11-5 9:26:8;0;0;0;1;kan;17;6;3;kutya;Saint-germaini vizsla, Tacskó keverék;allatkepek/152.jpg;Proident officia reprehenderit mollit aute ullamco ad ipsum eu sit. Aute aliqua sint qui commodo dolore exercitation irure cillum, est laboris magna anim nulla veniam, ea do sed magna fugiat dolor voluptate adipiscing.;Qui minim in ipsum nulla, proident occaecat dolor magna consequat aute est nulla. Commodo et ea ad labore est fugiat ut, dolore reprehenderit aliquip nisi velit aliqua laboris. Occaecat ad irure duis sed officia ipsum veniam tempor anim.;8wGyDtDTP@gEBU9.com;+36608067377;0;3
29;Dolfi;2022-9-8 24:21:23;1;0;1;1;szuka;8;9;2;macska;vörös cirmos perzsa;allatkepek/27.jpg;Deserunt cupidatat do sunt aliqua sunt, tempor ipsum anim adipiscing dolore deserunt reprehenderit ullamco do qui, labore veniam sed sint excepteur occaecat irure minim. Minim exercitation ad officia in consequat dolor nulla.;Amet culpa laborum exercitation officia excepteur est aliqua reprehenderit, anim esse non tempor nostrud incididunt irure velit. Nostrud eu commodo est. Lorem ea minim aute esse mollit tempor consectetur veniam ipsum.;uI2NyoCkrP@8APL4c.com;+36609162362;0;3
30;Bogáncs;2022-6-2 9:52:18;1;0;0;0;kan;13;30;4;kutya;Ónémet juhászkutya, Fehér-cser francia kopó keverék;allatkepek/265.jpg;Sed labore non fugiat mollit sunt, sit commodo occaecat proident nulla esse veniam minim tempor. Laborum velit pariatur id duis excepteur ipsum ad cillum.;Sit commodo sit consequat exercitation anim in cillum deserunt culpa. Fugiat mollit quis anim velit in. Non irure minim sed lorem enim esse dolor cupidatat.;ywmwE3zf@vmC229D4HQ.com;+36503977549;0;2
31;Bohém;2021-10-24 8:28:14;1;0;0;1;szuka;9;11;1;kutya;Lengyel alföldi juhászkutya, Bichon frisé keverék;allatkepek/339.jpg;Aliqua do commodo anim sit. Eu cupidatat velit magna, fugiat est non eiusmod aliqua enim nulla, incididunt officia ullamco exercitation nulla et tempor ipsum fugiat.;Ad nostrud eiusmod veniam nisi et elit laboris non nisi. Consectetur exercitation ut duis reprehenderit eu ad dolor sed. Ipsum dolor non nulla dolore do adipiscing adipiscing et occaecat.;7kZrvTj@5ocvKPQp6K.com;+36606850082;0;1
32;Jágó;2023-8-15 21:20:7;1;0;0;0;szuka;11;48;2;kutya;Harlekin pincser, Labrador retriever keverék;allatkepek/148.jpg;Ipsum laboris incididunt tempor aute ullamco est anim. Non minim non nostrud ad ut sed ut magna.;Qui ut anim lorem in ipsum ipsum eiusmod consequat aute. Magna excepteur amet pariatur do. Reprehenderit est fugiat velit.;37WS5Ed@bIF8rbfC.com;+36502408239;0;3
33;Jasper;2021-5-24 9:15:11;1;0;1;0;szuka;5;12;1;kutya;Ír szetter;allatkepek/189.jpg;Exercitation incididunt sunt consequat nostrud excepteur occaecat elit. Magna dolor nisi fugiat labore nulla, sint do aliqua sed id excepteur aute enim laborum deserunt.;Aute enim ipsum amet in voluptate. Nisi ex pariatur laboris sed sint. Qui incididunt nisi sit ea consequat.;3bsd6hyM7@T7w.com;+36407276833;0;8
34;Alfonz;2020-2-8 12:58:13;1;0;1;0;kan;18;5;4;kutya;Lapp pásztorkutya;allatkepek/248.jpg;Excepteur aliquip ex excepteur. Eiusmod sint commodo exercitation.;Reprehenderit commodo est laborum do amet exercitation ad ullamco. Consequat aliquip aliquip mollit dolore dolor deserunt enim, do tempor non culpa id. Nulla proident incididunt minim sit minim quis veniam nulla, occaecat et ad cupidatat.;K8BONe2@ZCTVD48.com;+36501368449;0;4
35;Cherie;2020-6-13 19:39:24;0;0;1;0;szuka;13;21;2;kutya;Bergamói juhászkutya, Kis angol agár keverék;allatkepek/263.jpg;Nulla magna laboris ut aute ex. Aute occaecat quis lorem duis.;Tempor eiusmod sunt ipsum ipsum anim lorem magna. Minim velit labore est sed aliquip exercitation cupidatat quis ullamco. Dolor esse ad amet ad cillum et officia, nostrud fugiat irure aliquip ex, cupidatat proident qui ipsum est deserunt mollit nisi.;a8b@l535AXUTHl.com;+36607285212;0;2
36;Bagira;2020-8-17 7:11:30;1;0;1;0;kan;3;19;1;kutya;Szíriai pásztorkutya;allatkepek/222.jpg;Irure magna officia laborum amet officia veniam aute, et non nostrud culpa. Ex eiusmod cupidatat excepteur do, nostrud excepteur incididunt ullamco mollit consectetur, reprehenderit qui do minim deserunt adipiscing tempor fugiat.;Fugiat quis excepteur irure, aute eiusmod pariatur in occaecat et exercitation aute nulla. Aliqua commodo exercitation id dolor velit elit sed, do et sit ullamco nisi. Magna nisi dolore elit duis consectetur id, velit reprehenderit occaecat ex minim consequat nulla duis laboris, in sed cupidatat tempor nostrud anim labore amet voluptate.;EBW@r4u5pUT.com;+36609202921;0;8
37;Vénusz;2022-9-5 3:58:6;1;0;1;0;szuka;19;4;4;kutya;Nagyspitz;allatkepek/144.jpg;Commodo labore eu dolore esse labore. Exercitation sit dolore mollit voluptate consequat et.;Nisi consequat eu nisi officia tempor laborum. Labore pariatur id sunt deserunt officia exercitation dolore, cupidatat non aute nulla qui ut et ea elit. Laborum ipsum commodo magna nostrud.;AzgZXY@fPzmrW.com;+36405698803;0;3
38;Chilli;2021-10-12 15:48:56;0;0;0;0;szuka;17;38;4;kutya;Himalájai pásztorkutya;allatkepek/171.jpg;Amet sit ad nostrud cupidatat. Ad minim non et lorem cupidatat.;Do ut deserunt duis incididunt. Nostrud quis lorem magna officia sed sint proident irure. Esse consectetur esse ut eiusmod, id eiusmod incididunt reprehenderit.;9YPxQEM@Pc1.com;+36507683751;0;2
39;Oszkár;2022-2-4 22:44:53;1;0;0;0;kan;13;46;4;kutya;Bullterrier;allatkepek/235.jpg;Dolore eu commodo sed do dolor eiusmod, consectetur est sit incididunt elit eu reprehenderit deserunt mollit. Id exercitation consectetur aute irure esse irure qui elit.;Mollit aute irure elit quis. Exercitation cupidatat mollit irure nulla fugiat est tempor sed eu, sit tempor eu id. Eu deserunt reprehenderit excepteur sed.;sON@dEMK2.com;+36503596172;0;2
40;Maggie;2023-9-21 8:32:7;0;0;0;1;kan;18;20;4;kutya;Jurai kopó, Kanári-szigeteki kopó keverék;allatkepek/209.jpg;Nostrud incididunt laboris aliqua, minim eu consectetur enim sunt et eu aliquip. Velit occaecat ipsum in ea est labore aliquip voluptate adipiscing, laboris anim eiusmod exercitation amet anim aute, cupidatat et irure ea nisi elit magna ipsum.;Veniam ut sunt dolor est deserunt consequat dolor non, ea veniam mollit nostrud lorem anim fugiat anim. Sit ex laboris laborum officia cillum, excepteur labore commodo aute dolore adipiscing. Minim ex officia eu incididunt ad consequat commodo non proident.;P5pGPsXE4@9bUR.com;+36406763249;0;3
41;Félix;2021-6-26 18:41:18;1;0;0;0;kan;17;11;2;kutya;Ír farkaskutya;allatkepek/145.jpg;Culpa aliquip consequat ullamco ex deserunt, nulla cupidatat eiusmod do irure pariatur in, enim laborum sunt sunt cillum amet. Eu fugiat magna eu dolor cupidatat.;Minim ad nostrud qui nisi mollit consequat. Do amet exercitation velit ad fugiat reprehenderit. Esse proident proident ex ullamco occaecat qui consectetur exercitation.;7ize6lS@a7hF.com;+36301114078;0;4
42;Pedró;2020-1-18 13:59:47;1;0;1;0;kan;6;30;4;macska;barna cirmos;allatkepek/125.jpg;Nisi aliquip irure pariatur exercitation deserunt ullamco ullamco, occaecat amet lorem ipsum, ut enim velit nisi do. Cupidatat in elit nostrud sunt anim mollit.;Labore in nostrud eiusmod officia adipiscing sit, tempor dolor ex consequat. Ipsum laborum incididunt enim velit aute laboris fugiat. Sint dolor non dolor.;0R1Bkae@bBHiLIk1a.com;+36509227411;0;8
43;Shiva;2023-2-28 24:24:49;1;0;0;0;szuka;20;28;1;macska;fehér házi macska;allatkepek/97.jpg;Lorem eu dolore reprehenderit nisi mollit laboris deserunt. Ut reprehenderit officia velit in et.;Do ex cillum fugiat nulla dolor exercitation. Officia consequat ea sunt minim eu nostrud nostrud. Magna labore nostrud incididunt eu ex officia tempor aliqua.;Dlg7@GB1.com;+36609936061;0;2
44;Sparco;2022-2-5 7:3:24;0;0;0;1;szuka;20;10;2;macska;man-szigeti macska;allatkepek/11.jpg;In nisi adipiscing tempor, reprehenderit sunt duis cupidatat sed eiusmod. Consequat commodo ut ipsum irure, occaecat ea irure sed quis occaecat proident veniam deserunt ad.;Ex nisi laborum eu. Fugiat est voluptate ullamco, velit enim incididunt ad. Nostrud ad do ex ex dolor consectetur excepteur aliqua, proident magna aute exercitation velit aliquip.;hY0JwF@otdx.com;+36404829734;0;4
45;Dorel;2021-12-15 5:41:47;1;0;1;0;szuka;20;47;2;macska;vörös cirmos perzsa;allatkepek/131.jpg;Reprehenderit sed commodo adipiscing incididunt. Proident do qui lorem quis nostrud nisi.;Sed proident reprehenderit minim laboris reprehenderit, pariatur minim id anim nulla in eiusmod. Ut mollit pariatur sed sint commodo commodo ad. Consectetur labore quis esse laborum, consequat sunt mollit proident deserunt anim.;uVoGhu@Aw84k.com;+36309967279;0;2
46;Cadbury;2020-5-13 21:29:8;1;0;0;0;szuka;15;19;4;kutya;Tervueren (Belga juhászkutya);allatkepek/154.jpg;Duis dolore cillum laborum deserunt laborum anim incididunt ut ex, sed consectetur labore excepteur magna ex ullamco enim excepteur labore. Adipiscing velit cillum est exercitation enim proident.;Velit cillum tempor nostrud eu ad ea cupidatat. Reprehenderit cupidatat et deserunt minim est incididunt. Velit veniam incididunt eu duis consectetur nulla.;4H9JOZpw7@4KBWxKXFb.com;+3650130916;0;7
47;Shiva;2020-6-13 10:14:7;1;0;0;0;kan;6;25;3;kutya;Hortaye Borzaya (Chortaj);allatkepek/254.jpg;Anim et aliquip nostrud irure culpa. Adipiscing nulla duis nisi deserunt sunt consectetur ut pariatur.;Elit consequat duis fugiat eiusmod pariatur. Id nisi elit aute tempor cupidatat reprehenderit qui dolore. Ad officia occaecat minim adipiscing.;hADv4nVPaV@ym3k0DKi.com;+36606411466;0;2
48;Fabula;2023-10-15 12:59:36;0;0;1;0;kan;5;35;4;macska;kámea perzsa;allatkepek/115.jpg;Id eiusmod ex et ipsum sint laborum consectetur. Magna velit nulla elit.;Aliquip esse mollit officia culpa laboris, consectetur incididunt dolore non. Anim in esse reprehenderit esse cillum sint. Enim qui ea sit, tempor pariatur velit ut excepteur enim sit nostrud laborum amet, ea aliqua dolore proident irure voluptate eu pariatur ut.;4Rl83Kc@oXOLa1KX.com;+36402229765;0;3
49;Ofra;2022-9-26 17:29:36;1;0;1;0;szuka;16;47;2;macska;teknőctarka;allatkepek/98.jpg;Excepteur in et aliqua adipiscing id, irure proident excepteur magna anim amet. Officia duis veniam irure pariatur duis veniam sed, lorem occaecat aliqua nulla quis.;Culpa aliqua labore sit esse anim laboris nostrud exercitation. Lorem cupidatat et deserunt magna commodo laboris proident excepteur aliqua, tempor ullamco ex consectetur labore do dolor voluptate culpa labore. Lorem elit velit in minim consequat dolor aute, incididunt anim mollit quis cillum officia, excepteur consequat laborum et ipsum.;scm1rN1W@v4Hzm.com;+36602242135;0;8
50;Shiva;2023-7-20 1:11:2;1;0;1;1;kan;14;13;2;macska;török angóramacska;allatkepek/50.jpg;Voluptate excepteur sunt tempor sunt dolor. Duis pariatur non magna ex adipiscing veniam nisi, ex laboris sint aliqua labore laborum ad aliquip culpa, et mollit eu lorem exercitation aliqua laborum nostrud velit commodo.;Do in aliquip nisi adipiscing elit esse sint. Proident labore commodo officia culpa velit amet aute culpa. Ut ex ullamco et pariatur anim fugiat exercitation qui enim.;AmUmG@iDoiU5q.com;+36406907229;0;1
51;Sziszi;2020-3-8 11:14:17;1;0;1;1;szuka;8;27;3;macska;makréla ezüst;allatkepek/60.jpg;Aliqua occaecat anim ex dolore laboris velit minim sunt consequat. Veniam dolor labore qui.;Amet consectetur nulla qui elit, nisi anim culpa ut, velit in et ullamco laboris occaecat labore veniam. Elit minim mollit aliquip laborum, proident esse aliquip do laborum magna, est sunt ipsum duis laboris. Fugiat ipsum id adipiscing enim non.;Cs275@JDtHK.com;+36509548884;0;3
52;Teo;2023-2-16 5:24:47;1;0;1;1;kan;5;39;2;kutya;Szálkásszőrű német vizsla, Angol véreb keverék;allatkepek/248.jpg;Consequat occaecat proident tempor minim anim elit sint nisi. Ut laboris voluptate quis cillum ea aliqua aliqua quis.;Nostrud sed dolor laborum consectetur excepteur. Nulla reprehenderit reprehenderit laboris esse dolor est do officia. Officia duis quis sit enim sint veniam, aliquip proident proident et minim culpa incididunt aliqua.;miaGib@pdYFtF1ET.com;+3640382849;0;2
53;FuFu;2021-1-16 12:29:51;0;0;1;0;szuka;12;43;3;kutya;Pointer, Fekete sery keverék;allatkepek/235.jpg;Eiusmod officia in lorem nostrud sed deserunt. Commodo occaecat cupidatat id incididunt est ipsum ipsum sed esse.;Ea consectetur cillum anim nulla. Proident dolore commodo et pariatur. Laborum ut dolore ipsum, voluptate consectetur nisi ad cupidatat exercitation, deserunt dolor ipsum adipiscing nostrud non.;sY6EV8ybpE@rY82DwGw.com;+36409307041;0;2
54;Goldy;2021-12-2 20:4:12;1;0;1;1;szuka;5;50;2;macska;skót lógófülű macska;allatkepek/45.jpg;Deserunt officia ex eu commodo duis veniam. Cupidatat sed voluptate ipsum quis et non consequat amet sunt.;Do officia occaecat excepteur. Labore quis occaecat exercitation nostrud cillum tempor do id, ullamco dolore officia fugiat qui. Ea cupidatat dolor sint in fugiat culpa.;D8q23@QcLxSPkZ.com;+36501464744;0;7
55;Jockey;2022-12-14 1:10:54;1;0;0;1;kan;8;43;3;kutya;Nagyspitz, Magyar agár keverék;allatkepek/315.jpg;Sint cupidatat labore magna nisi occaecat. Excepteur occaecat mollit veniam.;Exercitation reprehenderit cupidatat officia aliquip, aliqua proident veniam eiusmod dolore laboris. Elit dolore consequat ea exercitation in voluptate nulla do aute, et eiusmod adipiscing veniam qui. Ex irure lorem duis amet non laboris fugiat, labore velit ad sit aliquip esse dolor culpa duis.;1v7YZ5Uk@ipis.com;+36305863152;0;4
56;Bogáncs;2023-11-22 23:34:55;0;0;0;1;szuka;3;11;1;kutya;Anatóliai juhászkutya, Berni kopó keverék;allatkepek/182.jpg;Veniam eiusmod officia ullamco ex. Et sed voluptate magna magna nostrud esse reprehenderit aliqua.;Ex lorem veniam sit nisi sunt incididunt nostrud pariatur occaecat, cupidatat deserunt cillum aliqua ipsum nostrud commodo. Culpa officia dolor ut excepteur occaecat. Sed aliquip nulla sunt nisi reprehenderit minim.;SpHDu39@GfD.com;+3630480467;0;1
57;Luigi;2023-11-27 18:20:38;1;0;0;0;kan;8;9;1;kutya;Biewer yorkshire terrier, Jurai kopó keverék;allatkepek/171.jpg;Dolor ad enim lorem nisi deserunt aliqua esse laboris ad. Nulla ea excepteur veniam ut ex commodo duis minim.;Pariatur aute quis cillum ex mollit velit minim culpa fugiat. Cupidatat ut sunt amet consectetur irure dolor adipiscing magna enim. Officia veniam velit est commodo cillum, sunt aliqua non sint consequat.;wNrR@fLnpTWUWH.com;+36508428554;0;3
58;Lady;2021-3-18 17:51:12;0;0;1;0;kan;19;29;2;kutya;Hosszúszőrű skót juhászkutya;allatkepek/288.jpg;Eiusmod amet nostrud est velit aute id sint velit mollit. Ullamco tempor deserunt eiusmod cupidatat et nulla ex incididunt voluptate.;Voluptate et ullamco exercitation reprehenderit, incididunt voluptate sed sit. Pariatur sint velit dolor enim sunt incididunt consequat et, eiusmod irure occaecat consectetur id fugiat non nostrud. Deserunt reprehenderit aliquip id nostrud.;HYQIwh653@Dj7KnyOp.com;+36409869129;0;3
59;Izabell;2021-12-6 0:12:10;1;0;1;0;szuka;2;19;2;macska;birman;allatkepek/7.jpg;Et nisi ex do quis consectetur veniam ea nulla, laborum officia pariatur sunt irure commodo. Et qui ut amet mollit eiusmod est.;Incididunt nostrud reprehenderit anim dolor non fugiat adipiscing ullamco pariatur. Adipiscing reprehenderit deserunt exercitation esse irure, aute elit magna consectetur commodo enim. Amet culpa commodo eu cupidatat nisi lorem.;TPdnF@KePKcu6Ca.com;+36403559844;0;1
60;Elíz;2023-2-12 15:31:4;0;0;0;0;szuka;3;45;1;macska;fekete;allatkepek/56.jpg;Dolore non fugiat quis. Eu consequat commodo duis nulla duis enim.;Sunt lorem elit culpa. Sit eu ullamco in qui ex laborum reprehenderit minim, ad incididunt ipsum enim commodo do voluptate. Nisi mollit consectetur deserunt.;QTmY4@UM683yJugB.com;+36303136699;0;1
61;Teddy;2022-1-7 4:18:12;0;0;1;0;szuka;19;6;4;macska;fókaszínű sziámi;allatkepek/122.jpg;Sint nulla esse nulla irure fugiat velit quis. Cupidatat excepteur non commodo in consectetur sunt aute.;Occaecat sint incididunt cillum enim sunt sunt nulla adipiscing. Adipiscing sed excepteur irure dolor. Pariatur enim lorem labore sunt dolore ea occaecat elit.;7YzkM@ZNo.com;+36308518499;0;3
62;Illés;2021-2-13 18:54:19;0;0;0;0;kan;10;26;1;macska;füst perzsa;allatkepek/35.jpg;Occaecat nostrud non do duis id pariatur consectetur sunt. Eu fugiat in reprehenderit cillum qui in.;Culpa ullamco fugiat officia culpa duis excepteur. Quis minim laborum elit dolor eiusmod minim est. Nisi non nisi anim ut do laboris labore.;R8mI@SM0Yp5.com;+36602265482;0;2
63;Darling;2023-3-26 18:30:53;1;0;0;0;kan;4;33;2;macska;himalája;allatkepek/41.jpg;Sint aliqua velit et. Adipiscing reprehenderit eu non ullamco id ad laborum qui.;Commodo ad do incididunt officia excepteur voluptate veniam, nostrud aliqua consequat enim nulla excepteur ex aute aliquip. Aute nostrud cupidatat adipiscing occaecat. Voluptate do lorem in amet ea occaecat, consectetur labore cillum do nostrud nisi.;4r7hf0286@kBd5.com;+36406984873;0;8
64;Zeusz;2020-2-17 15:55:2;1;0;1;0;szuka;12;4;3;kutya;Lajka, West highland white terrier keverék;allatkepek/202.jpg;Elit duis cillum eu amet sunt fugiat eiusmod tempor ipsum. Laborum quis minim magna.;Nulla enim cupidatat exercitation ullamco qui anim minim eiusmod non. Dolor officia voluptate ad labore veniam, commodo consequat amet amet aute eu reprehenderit. Nisi nisi dolore elit minim esse tempor laboris cillum.;gMAAnmltd@lKg.com;+36304946464;0;2
65;Peggi;2023-3-8 22:1:11;1;0;1;1;szuka;8;38;4;kutya;Kangaroo Dog, Kis svájci kopó keverék;allatkepek/273.jpg;Irure cillum nostrud occaecat ad deserunt proident ipsum, pariatur minim reprehenderit incididunt labore occaecat aliqua et, cillum excepteur ea eu aliqua. Ut non cupidatat exercitation.;Consectetur velit aliquip irure laborum nulla dolor et sunt magna. In enim non elit aliqua. Sint culpa occaecat voluptate.;v99qREE0Fk@qOrLHn.com;+36504129886;0;8
66;Mogyoró;2023-6-18 12:30:14;1;0;1;1;szuka;7;38;2;kutya;Berni pásztorkutya;allatkepek/172.jpg;Et nostrud sed amet elit sit laboris consectetur id aute. Cupidatat aliquip labore sint commodo, est in sint culpa occaecat eu fugiat, aute fugiat veniam officia laborum nisi consectetur cupidatat.;Cupidatat occaecat esse quis magna sunt cillum exercitation veniam, lorem id sint ullamco sint nulla ipsum excepteur culpa irure. Non nisi eiusmod pariatur. Fugiat cupidatat dolore adipiscing.;jsnZ4OtGd@M3idDemQfc.com;+36604981402;0;4
67;Iván;2021-3-10 2:39:25;0;0;1;1;kan;4;40;3;macska;korat;allatkepek/131.jpg;Ex aliquip nulla aliqua. Qui excepteur id magna.;Enim mollit consectetur elit deserunt tempor incididunt sunt cupidatat sunt, dolore enim ad reprehenderit consequat commodo sunt est. Do do incididunt do quis ut proident et exercitation sint, officia dolor dolore velit id irure cupidatat sint. Sit anim commodo aute, nulla minim pariatur nisi nisi veniam amet.;iYvu198@mgrtEoeOU.com;+36306115220;0;2
68;Bodri;2022-7-16 13:27:21;1;0;0;1;szuka;11;26;2;macska;teknőctarka perzsa;allatkepek/32.jpg;Duis consequat voluptate ad nulla. Sint cillum ad sint dolor id adipiscing, elit cillum adipiscing excepteur sit tempor tempor.;Aute officia commodo tempor exercitation consequat fugiat eu veniam. Quis amet est ut do mollit. Ex consequat culpa cupidatat elit.;23g@pdl.com;+36506991829;0;1
69;Boomer;2021-12-8 18:20:8;1;0;0;0;kan;10;21;1;kutya;Ónémet juhászkutya, Osztrák pinscher keverék;allatkepek/301.jpg;Aliquip aute nulla ipsum non quis ad, ea esse commodo eu occaecat exercitation fugiat voluptate qui labore. Esse sunt elit labore sit ut deserunt.;Occaecat veniam nulla ex qui ullamco nostrud. Est anim esse enim. Commodo ea ad amet nisi.;InpPiwl@x4KM451xr.com;+36402808367;0;1
70;Orlando;2021-6-19 2:45:8;0;0;0;1;szuka;20;25;2;kutya;Pekingi palotakutya;allatkepek/153.jpg;Enim exercitation tempor deserunt aliquip, lorem labore mollit cupidatat. Lorem nostrud laboris excepteur sed ipsum eiusmod ad sunt est.;Est sunt lorem mollit nostrud commodo sunt. Minim nulla tempor velit pariatur dolore id mollit. Quis qui consectetur est culpa nostrud.;fN6d@VoBkgZ.com;+36408651599;0;4
71;Zafír;2020-11-16 18:9:6;1;0;1;1;szuka;3;7;1;kutya;Fekete-cser mosómedvekopó, Mioritic pásztorkutya keverék;allatkepek/188.jpg;Duis excepteur eiusmod ea. Magna labore sit et commodo nisi minim ex irure incididunt.;Do dolor cillum magna ea adipiscing minim eiusmod fugiat sint. Veniam amet deserunt ipsum, duis nostrud consequat velit elit. Nulla aute nisi incididunt proident esse deserunt non, commodo enim laborum ex.;1cyfC3@pI2Jo.com;+36302211152;0;2
72;Morti;2023-8-13 13:42:53;1;0;0;0;kan;13;7;4;kutya;Mudhol Hound;allatkepek/295.jpg;Pariatur nostrud esse sit ex consequat minim voluptate anim. Aliquip occaecat nulla excepteur enim esse fugiat adipiscing.;Aute dolore aliquip non, commodo exercitation nulla eu in labore ex. Sed in quis tempor irure deserunt ullamco commodo duis. Ex ad est culpa.;ty01bWs@pUHTRjHjb.com;+36608808385;0;8
73;Kefir;2023-11-8 10:41:19;1;0;0;0;szuka;14;50;1;macska;foltos vörös cirmos;allatkepek/26.jpg;In et duis deserunt. Mollit nisi laboris officia sunt quis, id voluptate sint id aute culpa veniam aliqua laboris.;Deserunt ea consectetur sit anim est cupidatat, qui esse cillum et culpa adipiscing nostrud deserunt. Officia non aliqua incididunt est amet irure nostrud culpa, excepteur aliquip tempor qui magna lorem proident reprehenderit. Commodo velit exercitation do nisi labore culpa id.;3hrTwkd@tlbGYmm.com;+36404136367;0;1
74;Rüszi;2021-5-4 17:5:6;0;0;0;1;szuka;7;45;2;kutya;Soft coated wheaten terrier, Hosszúszőrű német vizsla keverék;allatkepek/213.jpg;Occaecat sit aliquip non nostrud sunt cillum officia tempor aute, laborum officia ipsum nisi enim excepteur deserunt aliqua enim. Nulla amet in minim amet deserunt eu ea ullamco nostrud.;Officia nulla qui dolor voluptate duis. Nisi in mollit ipsum cillum aliqua exercitation commodo consequat, cillum ut aliquip quis fugiat sit ea aliquip aute. Qui excepteur consectetur fugiat enim, in adipiscing culpa anim magna do proident.;YICp3@AATCBUbvQ.com;+36408057680;0;4
75;Foxi;2021-10-24 2:54:28;1;0;1;0;kan;2;31;4;macska;chartreux;allatkepek/54.jpg;Mollit culpa excepteur elit. Amet mollit dolore consectetur incididunt pariatur.;Eiusmod amet amet exercitation cupidatat tempor sed. Incididunt do adipiscing veniam aliqua dolore pariatur minim. Lorem enim esse aliqua pariatur enim deserunt nulla.;2AYVt8@STk7.com;+36502875493;0;4
76;Szerecsendió;2023-4-19 6:57:10;0;0;1;0;kan;3;41;3;macska;szingapúri macska;allatkepek/88.jpg;Incididunt elit ullamco reprehenderit amet magna. Qui laboris minim aliqua enim est consectetur.;Est et pariatur sunt fugiat sint, lorem deserunt consequat quis tempor anim laboris laboris. Sunt id voluptate non dolor ad dolore laborum. Ex et amet nisi mollit ullamco proident excepteur, sed in ea occaecat duis aliquip veniam consectetur anim, minim sit commodo quis exercitation labore sint dolore excepteur.;QqCMQk@6N4qCfA.com;+36403689408;0;2
77;Apolló;2020-10-28 1:58:4;1;0;1;0;kan;19;27;3;macska;chartreux;allatkepek/45.jpg;Cupidatat commodo officia minim est pariatur deserunt nostrud culpa ipsum. Proident dolor dolore ea lorem exercitation in non, ex lorem excepteur cillum sint, nisi irure aliquip aliqua adipiscing culpa mollit consequat.;Dolore irure pariatur qui ea mollit id consequat eu, commodo pariatur ipsum veniam amet aliqua adipiscing qui ullamco. Anim non dolor nostrud in commodo adipiscing eiusmod labore do, adipiscing est incididunt laboris exercitation culpa et elit proident. Sunt nulla eu consectetur est commodo et dolore lorem labore, nulla lorem cupidatat do aute enim eiusmod, sint culpa ad enim laboris lorem amet fugiat.;laO@wzgyt0.com;+36607914419;0;4
78;Éva;2021-8-15 16:21:19;0;0;0;1;szuka;1;39;3;macska;ocicat;allatkepek/12.jpg;Fugiat aliquip voluptate esse proident. Culpa ut sit ad sed in nisi, duis nulla cupidatat quis.;Sit aliqua veniam nisi. Cillum sunt deserunt voluptate. Ex occaecat excepteur nostrud, excepteur est ut proident id quis do.;T6kjCq@uu2ndYp.com;+36605171103;0;1
79;Bajnok;2022-7-23 13:17:36;1;0;0;1;kan;20;19;4;kutya;Újfundlandi;allatkepek/294.jpg;Cillum velit irure nostrud veniam quis dolore in cupidatat incididunt. Esse sint ullamco officia, commodo laboris qui sed officia qui culpa cillum nisi.;Consequat eiusmod veniam proident ut irure, duis tempor incididunt quis ullamco consectetur ullamco excepteur. Consequat non fugiat aute eu anim ipsum sint. Deserunt culpa cillum et amet exercitation nostrud est duis laboris, voluptate laboris elit commodo minim incididunt labore proident sunt.;qEj@qkx.com;+36608047532;0;1
80;Frakk;2022-2-27 19:26:34;0;0;1;1;szuka;18;35;4;kutya;Jämthund;allatkepek/302.jpg;Labore officia ad irure anim adipiscing laboris. Id sed ea mollit non ex.;Proident sed nulla elit velit laboris cupidatat, sint ea commodo culpa eu aliqua magna sit. Est ipsum reprehenderit occaecat. Pariatur ullamco consectetur consequat sint anim adipiscing proident occaecat, fugiat incididunt eiusmod minim amet esse occaecat id est.;eevhRZk2@waYmZ22xc.com;+36307918704;0;1
81;Vacak;2022-5-13 22:48:38;1;0;0;0;kan;6;20;3;kutya;Grönlandi kutya, Lurcher keverék;allatkepek/157.jpg;Culpa fugiat excepteur ipsum. Deserunt nulla officia ea eu.;Incididunt amet est magna aute dolore nulla ipsum aute exercitation. Occaecat consequat labore quis cillum veniam nulla. In do ex aliqua laborum laborum eu, velit ea adipiscing consectetur culpa ea occaecat enim sunt.;gEPgnM@Q8o7QQHn.com;+36604118780;0;3
82;Goldy;2020-1-9 4:19:18;1;0;1;0;kan;4;1;1;kutya;Bajor hegyi véreb;allatkepek/220.jpg;Voluptate fugiat in et proident. Exercitation minim proident tempor consectetur sed sed mollit.;Dolore irure enim ex ex sit id proident occaecat excepteur. Excepteur consectetur est commodo consequat quis esse, ipsum nulla aliquip laboris commodo non ut labore cillum voluptate. Cillum commodo ea eiusmod reprehenderit ex nulla.;pL4nbZ@cXRIu.com;+3660991743;0;3
83;Inez;2021-11-21 14:7:33;1;0;0;0;szuka;19;2;1;kutya;Lagotto romagnolo;allatkepek/309.jpg;Fugiat magna tempor sit. Exercitation ipsum esse dolor do.;Cillum exercitation aliqua aliquip do minim proident, reprehenderit ipsum in est. Nisi proident laboris ea occaecat deserunt qui laboris ea, eu excepteur cillum deserunt. Amet occaecat adipiscing cillum et culpa.;SOTEj@OSPU1.com;+36403035388;0;8
84;Zafír;2021-11-2 1:51:15;0;0;1;1;kan;7;34;2;macska;szfinx;allatkepek/0.jpg;Velit voluptate quis duis. Do et nisi consequat ex adipiscing elit ipsum qui, deserunt minim amet occaecat aute cillum.;Veniam nostrud eu cupidatat sunt anim occaecat ea ea exercitation. Sunt sint reprehenderit cillum veniam aute culpa laboris. Eiusmod dolore elit laborum velit consectetur qui.;eyCw@Aaac48d.com;+36406858891;0;2
85;Gerry;2023-9-16 10:20:24;0;0;1;0;szuka;9;39;1;macska;ragdoll;allatkepek/9.jpg;Mollit incididunt reprehenderit culpa ipsum ut id. Proident enim amet sint consequat, dolore dolor velit officia non elit, laboris nisi quis ea eu exercitation tempor esse consectetur.;Aliqua amet est amet nostrud nisi sit. Et commodo id aute adipiscing quis nisi, deserunt fugiat mollit consectetur ea. Aliquip occaecat anim sint.;7AmgOHD@mTNa87Wl5.com;+3660253784;0;8
86;Keksz;2023-7-8 0:57:18;0;0;0;1;kan;18;38;3;macska;makréla ezüst;allatkepek/25.jpg;Proident sed ullamco est cupidatat et non lorem veniam pariatur. Officia nostrud do amet quis, nulla exercitation laboris ex tempor et esse.;Consequat incididunt cupidatat aute dolor nulla fugiat nostrud aliquip. Consectetur sint pariatur ut ut. Do occaecat laboris esse occaecat labore culpa in deserunt non.;apsE4ctXM@aDu78Ou.com;+36501114158;0;2
87;Rex;2020-8-18 20:53:44;1;0;1;1;kan;9;36;3;kutya;Vizsla;allatkepek/246.jpg;Minim ut cillum et pariatur deserunt exercitation officia adipiscing. Quis magna nisi deserunt veniam dolor laborum excepteur aliquip.;Laboris id sunt cillum velit adipiscing ipsum minim aliquip. Incididunt elit sunt qui amet tempor lorem mollit eiusmod. In proident lorem consequat ad id ipsum voluptate cupidatat magna.;cy1qSRts@v2Hw.com;+36505913863;0;3
88;Félix;2020-11-25 4:55:53;1;0;0;1;kan;8;33;4;macska;japán csonkafarkú macska;allatkepek/45.jpg;Minim sed lorem nulla ad nostrud fugiat enim. Ipsum ex voluptate nostrud esse officia, nulla adipiscing in qui veniam, amet sit exercitation deserunt et consectetur irure excepteur.;Veniam nisi deserunt enim. Reprehenderit et fugiat deserunt aliquip occaecat. Ut id anim adipiscing sit qui.;xun6@MoL.com;+3630995900;0;4
89;Nevada;2021-10-28 14:47:5;0;0;1;1;kan;20;17;1;kutya;Tajvani kutya, Lancashire heeler keverék;allatkepek/312.jpg;Incididunt occaecat id duis tempor incididunt magna aliquip exercitation. Commodo nostrud excepteur amet nulla ad excepteur.;Fugiat cupidatat elit ut commodo. Exercitation est ut dolore. Tempor magna adipiscing sit nulla eu.;356EJuS@2eNKe4y.com;+36303114027;0;7
90;Úrfi;2021-12-3 3:9:23;0;0;0;0;szuka;1;48;4;kutya;Gascogne-i kék griffon, Abruzzói juhászkutya keverék;allatkepek/144.jpg;Aute culpa aliqua consectetur consequat amet nisi. Ex id anim incididunt.;Aute sunt do esse id. Quis lorem anim pariatur incididunt labore cillum reprehenderit culpa esse, amet non proident in consequat, qui qui nisi minim occaecat. Reprehenderit ut cillum adipiscing ex ad aliquip consequat, enim aliqua exercitation lorem deserunt eu anim.;Lh5CnS@Tjckf6wUvd.com;+36401101556;0;4
91;Léda;2023-9-15 19:52:47;0;0;0;1;szuka;15;33;2;macska;teknőctarka;allatkepek/128.jpg;Eu incididunt consequat id. Lorem tempor duis dolor officia fugiat mollit voluptate.;Irure laboris mollit aute est. Aliquip aliqua labore cupidatat sed quis consectetur. Lorem ipsum minim do aliquip fugiat nisi laboris mollit tempor, qui pariatur sit duis id, occaecat voluptate et officia cillum.;AfQ@hY6ldiqBRo.com;+36607993852;0;3
92;Milli;2023-1-22 0:31:17;1;0;0;1;szuka;9;23;2;kutya;Artois-i kopó, Szibériai husky keverék;allatkepek/174.jpg;Labore mollit veniam sunt elit. Dolor excepteur eiusmod in ad quis aliqua.;Velit ea eiusmod deserunt, ut laborum quis aute elit labore labore proident. Dolor dolore est et. Anim amet id duis culpa proident nisi deserunt.;Qlw0DVjxJ@HGpDKQhm.com;+3660750874;0;4
93;Nina;2023-5-21 23:7:58;0;0;0;1;szuka;3;25;2;macska;márványmintás;allatkepek/1.jpg;Et officia sunt irure velit pariatur commodo id nulla. Culpa ut irure non anim ad ad ex duis, velit pariatur nisi amet consectetur incididunt ut aute laboris est.;Excepteur consequat eu occaecat minim ut ut. Sint aute sed adipiscing nostrud duis amet cillum sunt anim, incididunt mollit voluptate eiusmod deserunt enim ex. Eu elit dolore cupidatat non.;kKjuElZli@jHjSEd82.com;+36502686769;0;2
94;Karesz;2023-6-3 13:29:38;0;0;0;1;kan;9;30;1;kutya;Kis oroszlánkutya, Atlaszi hegyikutya keverék;allatkepek/325.jpg;Duis pariatur amet exercitation. Consectetur elit proident anim quis dolore non.;Sit aliqua irure amet ut ea mollit eiusmod veniam proident. Id tempor anim ullamco elit elit. Culpa sit non exercitation officia deserunt ullamco ex, anim dolor cupidatat commodo dolore commodo laboris do.;3OA1NIVb3p@ttQW.com;+36308806696;0;1
95;Károly;2022-5-4 19:51:57;0;0;1;1;szuka;8;7;4;kutya;Trikolor francia kopó;allatkepek/266.jpg;Quis laboris veniam exercitation proident. Enim adipiscing aliquip aliqua, aliquip id minim qui consectetur voluptate, culpa ullamco culpa ex velit.;Sint ad enim ipsum nulla commodo aliquip do id pariatur. Ex qui labore laboris culpa ad anim, dolor laborum veniam elit aliqua in irure. Culpa incididunt qui aute eiusmod, non non aliqua ex est incididunt anim, incididunt labore reprehenderit sunt.;RZIbrHj@NZfM.com;+36409497064;0;1
96;Gróf;2023-5-10 7:38:29;0;0;0;1;kan;11;19;4;macska;szfinx;allatkepek/46.jpg;Et enim laborum dolore nisi nostrud occaecat elit ex labore. Consectetur ipsum magna id minim aliqua cillum.;Ullamco elit reprehenderit reprehenderit irure proident cupidatat consequat dolore. Culpa anim laborum exercitation in, veniam deserunt magna nulla. Sed quis non pariatur ipsum enim cillum, laborum lorem lorem sed proident esse aliquip deserunt magna.;vYyG@yMeFKv.com;+36502761601;0;3
97;Adél;2020-4-6 9:43:28;0;0;0;1;kan;7;20;4;kutya;Cavalier King Charles spániel;allatkepek/177.jpg;Dolore velit nulla sint fugiat nisi in minim mollit. Ex nulla pariatur quis elit anim et enim consequat deserunt.;Pariatur id et ullamco eu anim sit, est anim occaecat in cillum veniam exercitation duis. Nisi aliquip proident magna aliqua deserunt nostrud labore. Do quis mollit sunt.;7DTI7DdFNz@b4h.com;+36409902152;0;4
98;Jonathan;2022-2-12 5:60:40;0;0;0;1;szuka;6;16;1;kutya;Norfolk terrier;allatkepek/182.jpg;Nostrud esse exercitation ut cupidatat adipiscing in dolore proident pariatur. Do nulla sit incididunt, laborum consequat dolor commodo dolore incididunt tempor veniam deserunt.;Sed veniam sit ullamco ex sint ea sint qui amet, labore culpa qui culpa voluptate duis culpa fugiat sit. Minim aliqua aliqua aliquip consectetur velit velit quis enim elit. Veniam dolore enim eiusmod labore laboris esse deserunt.;aIh9o@FGWZVv5OpX.com;+3640127004;0;1
99;Sonny;2022-12-16 2:24:10;1;0;0;0;szuka;13;28;1;kutya;Belga vizsla;allatkepek/163.jpg;Non do qui qui pariatur ea elit cupidatat lorem occaecat, officia esse occaecat adipiscing, nisi aute veniam officia deserunt culpa nisi. Anim non eiusmod laborum sint nostrud irure et irure esse.;Consectetur ex laborum velit reprehenderit excepteur quis cillum labore. Incididunt sunt quis dolor amet occaecat pariatur magna officia voluptate, anim sit commodo mollit in veniam. Elit ad ea in excepteur et, nostrud aliquip est fugiat pariatur.;HWjsWw6@vaiJ.com;+36506924856;0;2
100;Napóleon;2021-8-22 1:59:8;0;0;1;1;kan;5;22;4;macska;török macska;allatkepek/91.jpg;Exercitation magna id elit. Culpa officia ea laboris occaecat.;Fugiat nisi est sint adipiscing exercitation est ut ex, ipsum irure nulla qui dolor laboris tempor sed velit esse. Aute anim esse commodo. Excepteur eiusmod lorem cupidatat nulla ea, aute excepteur consectetur lorem.;9JqF4@vlFFVEf0kH.com;+36601535424;0;1
101;Oszkár;2022-2-27 2:5:36;1;0;1;1;szuka;18;34;4;kutya;Sealyham terrier;allatkepek/300.jpg;Aliquip exercitation veniam dolore sunt ullamco mollit nulla incididunt veniam, in do ex voluptate proident qui eu. Laborum excepteur ea culpa ullamco ipsum excepteur fugiat, anim laboris et nisi deserunt incididunt elit dolor minim.;Sit officia qui irure ea dolore enim est exercitation elit, proident sed ipsum culpa sint ullamco adipiscing id aute veniam, minim pariatur laborum veniam magna. Ex reprehenderit duis in do sint aliquip tempor cillum cupidatat, eiusmod laborum nostrud ut velit nostrud excepteur enim. Deserunt proident in dolor nulla ea quis.;OQBOYhTU@8flc32kz.com;+36304302432;0;1
102;Léda;2022-9-25 8:60:54;1;0;1;1;szuka;6;20;3;macska;fehér házi macska;allatkepek/3.jpg;Non magna dolore mollit ut duis. Nostrud adipiscing pariatur aute.;Labore consectetur laboris esse quis occaecat duis. Lorem sint sit incididunt incididunt. Consequat amet exercitation qui.;FDKEdPG@x539WlVM.com;+36606197790;0;1
103;Lady;2023-5-11 23:48:53;1;0;1;1;szuka;11;33;2;macska;cornish rex;allatkepek/95.jpg;Exercitation proident anim eiusmod duis mollit nulla excepteur ullamco. Fugiat mollit ut est sint eu et irure laboris.;Sed eiusmod ullamco eu aliqua esse lorem nisi elit voluptate. Aute incididunt sint in amet eiusmod, sunt cupidatat ex proident adipiscing eu, duis pariatur reprehenderit duis nulla. Deserunt aliqua officia amet pariatur culpa minim qui laborum tempor.;WGGJq@sN1.com;+36404126058;0;4
104;Bütyök;2021-2-4 22:36:13;0;0;1;0;szuka;8;38;4;kutya;Bernáthegyi, Rajapalayam keverék;allatkepek/144.jpg;Minim sint dolore nisi esse proident. Sit magna elit nulla.;Enim incididunt id sed fugiat irure lorem duis eu, amet qui in aute do sit ut duis. Consequat do non pariatur qui lorem in aliquip exercitation. Sunt veniam reprehenderit ex deserunt laborum aliqua.;eN5Uq5Ks6t@NWWncMqwl.com;+36609951124;0;3
105;Narancs;2023-8-15 22:31:30;1;0;0;0;kan;17;27;3;kutya;Beagle;allatkepek/184.jpg;Esse eu amet ipsum. Magna ipsum consequat incididunt dolore irure ullamco nulla et nisi.;Consectetur laboris sunt magna tempor velit culpa. Mollit ad sint in sunt cillum, qui fugiat aliqua amet voluptate qui quis, nulla pariatur consequat tempor enim. Occaecat est nisi excepteur aute dolor duis anim.;KcryecEwt@LcLf786VEO.com;+36602922550;0;3
106;Azték;2021-4-9 23:38:60;0;0;0;1;kan;17;40;3;kutya;Fekete sery;allatkepek/194.jpg;Cillum sint enim labore non eu commodo sunt. Qui velit ut do ea duis irure et.;Irure ad anim sed ea. Enim nulla mollit incididunt reprehenderit consectetur eiusmod, anim ut irure quis reprehenderit eu velit nulla. Ad laborum duis in do adipiscing laboris.;knPhxFfN1P@wjBkwV.com;+36308046544;0;4
107;Limbó;2020-10-19 1:45:1;0;0;1;1;szuka;4;30;2;kutya;Kis angol-francia rókakopó, Amerikai cocker spániel keverék;allatkepek/215.jpg;Dolor quis cillum anim ullamco nulla culpa pariatur. Excepteur labore consequat est et velit.;Aute elit aute eiusmod mollit, sint incididunt ipsum enim ea eiusmod occaecat quis cupidatat incididunt. In ullamco exercitation quis do in tempor officia veniam. Deserunt dolor adipiscing reprehenderit nostrud ea et id, laboris minim minim anim officia enim, culpa lorem non commodo adipiscing sed voluptate.;oJDhT7coh@ETq2j.com;+36601346834;0;2
108;Pedró;2022-12-27 15:35:16;1;0;0;1;kan;1;11;3;kutya;Angol pointer, Óriás schnauzer keverék;allatkepek/328.jpg;Ullamco incididunt aliquip fugiat. Cupidatat occaecat ea in aliqua incididunt adipiscing culpa minim veniam.;Sint laborum id dolore eiusmod. Sunt aliquip tempor esse fugiat. Incididunt minim sint sunt in deserunt laboris cupidatat cupidatat, labore qui consequat quis commodo, ut magna consectetur ullamco qui.;wzE@lo1UsIEiO.com;+36604105067;0;8
109;Lexi;2022-11-4 11:38:1;1;0;0;1;kan;5;47;3;macska;barna burma;allatkepek/59.jpg;Id consectetur ipsum do ut, labore cupidatat ullamco culpa veniam sint. Magna est dolor elit.;Irure tempor sit labore et nulla laboris. Non deserunt tempor sit dolor nostrud magna sunt. Proident deserunt aute do veniam, aute anim occaecat anim lorem adipiscing ullamco elit aliqua nulla.;0WRAozZO@VLiff.com;+3650629091;0;3
110;Rénó;2022-10-10 2:12:35;0;0;0;0;szuka;14;14;3;kutya;Shikoku inu;allatkepek/211.jpg;Eiusmod in eiusmod ea laboris consequat culpa. Eu aliqua et consequat, nulla deserunt sint elit sunt veniam minim.;Minim id quis elit enim. Anim aute aute aliqua qui dolor anim eiusmod cupidatat. Ad pariatur laboris occaecat nisi.;UC8uJFymU@Iu3J08oA.com;+36404502849;0;2
111;Gingy;2023-2-24 9:55:60;0;0;1;1;szuka;16;21;1;macska;korat;allatkepek/81.jpg;Laborum reprehenderit ut eu anim qui reprehenderit. Ullamco tempor sed ea, pariatur elit ad sed.;Aute mollit enim nulla aute quis. Ipsum reprehenderit dolore qui. Ut culpa ex nostrud.;xQ2Jw2K@Uhp6G.com;+36508423956;0;2
112;Cézár;2021-5-19 8:50:21;1;0;1;1;kan;7;33;3;macska;teknőctarka perzsa;allatkepek/27.jpg;Tempor veniam mollit laboris adipiscing cillum quis ullamco irure. Incididunt sunt velit et adipiscing incididunt sed ipsum.;Irure fugiat quis mollit magna. Aliquip deserunt lorem commodo officia dolore laboris, sint occaecat voluptate anim. Qui labore incididunt veniam ullamco aute cupidatat, cillum elit do adipiscing elit voluptate amet esse et nostrud.;LkV@a5l6ZiBf.com;+3630981722;0;8
113;Zeusz;2021-7-10 3:14:5;0;0;1;0;szuka;3;16;1;kutya;Kunming kutya, Hygen kopó keverék;allatkepek/162.jpg;Mollit amet labore ea veniam irure sint dolor duis tempor. Enim irure exercitation pariatur labore ex proident officia ea sit.;Ullamco sunt sed excepteur cillum. Non cillum minim cupidatat, deserunt irure ea deserunt incididunt anim. Id pariatur in nulla, elit sit consectetur ut nostrud excepteur.;x0ZQB0S@tir.com;+36507582037;0;1
114;Bagira;2023-9-28 13:7:16;1;0;1;0;szuka;4;32;3;macska;korat;allatkepek/122.jpg;Consectetur qui laboris incididunt occaecat esse enim. Aliqua lorem ea eiusmod laboris.;Dolor officia nisi quis aute qui reprehenderit eu irure labore. Excepteur velit eiusmod et duis mollit non do eu incididunt, sed labore id ut sunt eu est ipsum. Occaecat laboris commodo magna duis sed.;Ct2IZy@u957X.com;+3640928078;0;3
115;Jimmy;2023-11-3 11:15:30;0;0;1;0;kan;15;25;1;kutya;Pembroke welsh corgi, Bullmasztiff keverék;allatkepek/322.jpg;Magna aute esse cillum sint ea minim tempor sunt lorem, sed eiusmod sit laboris. Cillum eiusmod veniam dolore sit.;Duis ullamco commodo minim sit aliquip ea, in proident duis est ex ad voluptate ea labore veniam, reprehenderit incididunt fugiat sunt proident nisi pariatur enim. Fugiat exercitation adipiscing irure officia reprehenderit aute lorem dolore cillum. Tempor sunt lorem ut eiusmod.;tyvo0iizRm@FJ84J9fct.com;+36507935688;0;4
116;Hasszán;2020-12-15 19:53:15;0;0;0;1;kan;6;49;3;macska;birman;allatkepek/88.jpg;Occaecat eu non reprehenderit ad duis, magna cupidatat lorem excepteur nulla consequat. Laboris aute mollit laboris esse adipiscing proident cillum officia, eiusmod ipsum dolor enim dolor ut officia, amet veniam aliquip est do in cillum sint.;Duis velit lorem ipsum aliqua est mollit cupidatat. Do magna id reprehenderit esse. Minim id adipiscing velit labore aute nisi sed in.;Var7nF@sqV.com;+36609025314;0;4
117;Suzy;2022-10-1 10:49:40;0;0;0;0;szuka;16;22;2;macska;csokoládészínű sziámi;allatkepek/6.jpg;Dolore lorem occaecat minim quis laborum incididunt elit, sit do duis dolor aliquip eu, enim cupidatat nulla consequat elit ipsum in. Ea fugiat pariatur esse laboris deserunt ex aliqua.;Duis pariatur cupidatat sunt reprehenderit do occaecat est exercitation eiusmod. Laborum non tempor proident dolore consequat id ut nisi, magna id pariatur fugiat. Officia tempor reprehenderit anim, est ex veniam dolor enim velit.;y5eP8o@1LkF15b.com;+36407471450;0;3
118;Müzli;2021-6-22 23:9:53;1;0;1;0;kan;1;46;4;kutya;Boxer;allatkepek/284.jpg;Irure veniam enim aliqua aliquip officia velit tempor qui voluptate, sed amet sint adipiscing eiusmod labore. Elit est culpa deserunt ipsum sit irure eu ea.;Adipiscing excepteur mollit elit veniam esse officia reprehenderit dolore ad. Labore occaecat reprehenderit occaecat veniam elit eu. Nulla magna duis deserunt fugiat culpa esse.;s3sJPldM@m6gtVVRJ.com;+36604139228;0;4
119;Shiva;2022-8-22 22:10:32;0;0;0;1;szuka;12;17;1;kutya;Cardigan welsh corgi, Black mouth cur keverék;allatkepek/195.jpg;Qui in velit consectetur ullamco nisi. Eiusmod consequat reprehenderit et.;Cupidatat ullamco duis aute velit eu labore ad nulla do, sit aliqua nulla officia laboris. Proident est nisi enim ut in laborum labore commodo anim, fugiat deserunt voluptate laborum laborum magna amet aliqua occaecat, dolore minim sed ut commodo. Id sit sint officia commodo eiusmod cupidatat.;XTZ6Wkw@nc0ES.com;+3650426498;0;8
120;Nudli;2021-3-11 23:3:18;0;0;1;1;szuka;9;15;2;macska;teknőctarka;allatkepek/14.jpg;Fugiat ea elit non non mollit. Ea ad eiusmod consectetur ut.;Dolor esse aliqua occaecat aliqua do pariatur anim eiusmod est. Ex lorem laboris ea do ipsum exercitation consequat voluptate ullamco. Mollit mollit commodo fugiat, sunt incididunt anim et enim amet magna elit officia duis.;pduKLL@Twf6Ozvdj.com;+36401707690;0;2
121;Kefir;2021-11-17 23:54:42;0;0;0;1;kan;17;49;4;kutya;Nagyspitz;allatkepek/143.jpg;In pariatur cillum velit magna. Ipsum fugiat ullamco irure.;Ea fugiat laboris adipiscing irure proident culpa dolore, ea aliquip qui ipsum occaecat mollit amet laborum exercitation ipsum. Esse amet adipiscing minim do nisi, cupidatat ut non ad. Aliqua officia eu labore qui nisi minim culpa dolor, id sint officia nulla sed excepteur consectetur sit.;tRJpY6@Iuql.com;+36305629039;0;4
122;Inez;2022-5-21 13:19:28;1;0;1;1;kan;13;25;2;macska;cirmos házi macska;allatkepek/10.jpg;Ullamco incididunt amet dolor nisi culpa labore occaecat, aute sint duis consequat non excepteur duis do culpa elit. Est esse ipsum nostrud exercitation cupidatat laborum adipiscing ea veniam.;Sunt magna consectetur commodo eiusmod, excepteur enim sint et consequat nisi ipsum ipsum incididunt, esse exercitation eu irure sit incididunt esse anim aute sed. Pariatur officia do ad occaecat dolor velit. Ullamco occaecat nostrud veniam ut est dolor labore.;gOaZLS@CZAjCm3u.com;+36308949977;0;3
123;Glédis;2020-1-14 11:51:10;0;0;0;0;szuka;8;47;1;kutya;Lengyel kopó;allatkepek/148.jpg;Aute voluptate fugiat sunt commodo aute veniam dolore. Enim mollit deserunt irure pariatur veniam, excepteur id excepteur elit fugiat anim sint ullamco in culpa.;Laboris proident tempor ut. Nisi et anim anim et cillum nostrud, in ipsum ullamco sunt aute exercitation. Proident mollit id velit.;LrRieJ@LLngI5srOJ.com;+3640845568;0;1
124;Piszok;2023-2-14 1:58:9;1;0;0;1;szuka;3;17;2;kutya;Amerikai staffordshire terrier;allatkepek/302.jpg;Velit ea proident sit magna, in et labore laboris aliquip qui id incididunt nisi est, adipiscing mollit proident in ex consectetur laborum cillum non. Consequat elit officia deserunt id minim.;In enim pariatur est sit duis lorem laborum culpa commodo. Cupidatat exercitation aute minim labore amet nostrud exercitation cillum. Nulla sint ad est consectetur fugiat irure.;dW5@5PMVTlrY.com;+36507425417;0;2
125;Illés;2023-11-26 11:14:24;1;0;1;1;szuka;8;25;3;kutya;Fáraókutya;allatkepek/263.jpg;Nisi eu sit officia proident elit irure in. Nostrud voluptate magna enim sit duis dolor, id excepteur laborum occaecat.;Aute do pariatur proident duis et. Tempor duis cillum dolor excepteur laborum commodo. Sint nostrud fugiat ipsum elit enim incididunt, aliquip ex anim exercitation eiusmod commodo culpa.;i58oL8@IfiqW.com;+36607956114;0;7
126;Ládikó;2022-6-16 18:50:50;0;0;0;1;kan;13;29;3;kutya;Savoye-i pásztorkutya, Longdog keverék;allatkepek/142.jpg;Ad cupidatat sint magna quis pariatur id commodo anim, nostrud duis elit enim ullamco eiusmod occaecat, tempor labore ut reprehenderit aliqua laboris enim qui pariatur officia. Aute consectetur fugiat minim dolore anim, veniam lorem fugiat esse veniam labore.;Laborum irure enim do aliqua est sit nisi eu, est esse non irure qui dolore nulla. Aute nostrud irure non cillum reprehenderit elit ut esse, sed mollit velit tempor ad eu sint in anim consectetur. Consequat lorem ea pariatur tempor eiusmod.;InoaOg@HVSJ.com;+36405124944;0;3
127;Tekergő;2023-1-23 24:46:9;0;0;0;0;kan;10;42;1;kutya;Entlebuchi havasi kutya;allatkepek/151.jpg;Do laborum occaecat anim excepteur mollit labore veniam. Voluptate lorem consequat do nisi.;Adipiscing pariatur non nisi enim laborum cillum id. Enim sed nostrud voluptate sit est dolor nisi pariatur. Excepteur eu quis laboris.;YZRRA@i0EcC7XJN.com;+36304032794;0;3
128;Plutó;2023-3-20 21:17:4;1;0;1;0;szuka;14;42;3;kutya;Fehérorosz juhászkutya vagy kelet-európai juhászkutya;allatkepek/254.jpg;Reprehenderit ullamco proident irure cupidatat sint qui velit. Minim occaecat est ad, laborum fugiat tempor deserunt exercitation sit eiusmod.;Dolor excepteur do nostrud enim tempor culpa proident in. Anim aliquip esse labore. Enim officia enim officia reprehenderit deserunt pariatur excepteur occaecat.;LfHf@uq2.com;+36604158981;0;3
129;Gerry;2022-10-25 15:23:37;0;0;0;0;szuka;18;5;3;kutya;Border collie;allatkepek/174.jpg;Enim laboris exercitation laborum fugiat nostrud dolor, deserunt reprehenderit id magna incididunt mollit. Anim in nulla ipsum ut qui consequat excepteur.;Cillum officia pariatur minim exercitation magna. Sint sed nisi duis culpa cupidatat occaecat ad commodo. Ipsum labore consequat amet fugiat irure, nostrud amet elit et consectetur culpa pariatur aliqua.;7EtM7x@frFmfyilV2.com;+36506772436;0;3
130;Frida;2020-10-11 21:11:13;1;0;0;1;szuka;19;42;2;macska;fekete-fehér perzsa;allatkepek/74.jpg;Nostrud consectetur commodo exercitation duis. Consequat culpa exercitation consequat lorem.;Duis fugiat qui dolor, incididunt do culpa adipiscing. Labore ea ullamco exercitation ad tempor ut dolore. Officia incididunt sit amet quis ullamco eiusmod.;EK8@h2vOx5J.com;+36607931658;0;3
131;Gombi;2022-2-18 22:24:24;0;0;1;0;szuka;1;24;4;kutya;Rat terrier, Luzerni kopó keverék;allatkepek/302.jpg;Commodo ut sint aliquip fugiat nostrud ad amet incididunt. Do proident sed eiusmod do.;Sed velit cillum qui ad aute veniam commodo. Proident nulla laboris ad, non sint culpa dolore sunt qui labore elit deserunt. Ex adipiscing dolore pariatur esse sunt eu aliqua, ea anim et fugiat amet minim sed veniam.;t7a@7DfA1YW.com;+36408498529;0;2
132;Illés;2022-5-5 8:58:40;0;0;1;0;kan;17;41;1;macska;ocicat;allatkepek/114.jpg;Tempor ex exercitation occaecat dolor ad velit commodo enim. Aliquip duis incididunt esse eiusmod excepteur aliqua.;Ullamco pariatur sed excepteur labore labore qui qui irure. Duis dolore id tempor. Excepteur in sit lorem ad consequat voluptate duis anim amet, est mollit incididunt tempor sit ex eu ullamco.;IeAXjde@4Uz.com;+36305344035;0;2
133;Pedró;2021-3-22 19:38:42;0;0;0;1;szuka;2;20;3;kutya;Karszti pásztorkutya, Norwich terrier keverék;allatkepek/235.jpg;Anim sit ipsum pariatur dolore pariatur ea cillum. Laboris minim nostrud culpa amet dolore id.;Enim laborum et ex in consequat qui cupidatat labore cillum. Irure laboris exercitation aliquip consectetur ullamco adipiscing. Fugiat sunt pariatur qui dolore ex officia sunt tempor commodo.;uwUF3OsC@TvM4CQ.com;+36604179187;0;1
134;Félix;2020-11-22 0:31:9;1;0;1;0;kan;19;50;2;macska;devon rex;allatkepek/64.jpg;Sed labore consequat dolore aliqua reprehenderit. Dolore magna officia voluptate qui sint anim eiusmod consequat, aliqua irure amet ipsum reprehenderit.;Consequat consequat deserunt magna laboris. Consectetur magna ullamco tempor cillum fugiat est aliquip duis, labore mollit ex consectetur ea lorem ea sint nisi. Reprehenderit ad dolore tempor.;goWfRsl@giaYn8c2bd.com;+36609768677;0;1
135;Jade;2021-12-14 18:42:40;1;0;1;1;kan;3;48;1;kutya;Catahoulai leopárdkutya, Bőrtokos kalippó keverék;allatkepek/142.jpg;Culpa ut id sed adipiscing nulla officia aliquip ipsum. Amet irure do et.;Qui dolore sit consectetur. Amet aliqua do sint voluptate commodo ea tempor eiusmod. Incididunt reprehenderit nisi minim pariatur reprehenderit anim sit, irure est enim aute excepteur lorem irure dolor consectetur.;29R1P3N@zTdMvRj.com;+36605092530;0;1
136;Pufók;2020-4-4 14:49:26;0;0;0;0;kan;14;8;3;kutya;Pikárdiai juhászkutya;allatkepek/331.jpg;Ex proident enim ullamco eu incididunt qui, minim dolore magna reprehenderit tempor tempor veniam est consectetur. Adipiscing officia et nisi occaecat voluptate.;Et dolore tempor irure, quis qui id ad cupidatat duis. Aliqua exercitation mollit ullamco. Consequat anim ea ut qui dolore, in culpa voluptate ipsum excepteur do et dolore consectetur occaecat.;iZL2@Hoo0.com;+36302504802;0;7
137;Melák;2020-2-26 8:10:1;1;0;0;0;kan;9;25;1;kutya;Német spicc;allatkepek/339.jpg;Occaecat deserunt proident est ipsum mollit. Nisi cupidatat quis nisi dolore adipiscing ex officia et qui.;Aliqua et incididunt in reprehenderit est elit officia ex. Enim ea cillum amet sunt in ex. Labore sed consequat adipiscing dolor aute adipiscing magna do ut, ullamco est consectetur laborum do culpa dolore quis commodo, sit pariatur nisi proident laboris qui enim eiusmod.;Exo@Y1bk4HKK.com;+36409470431;0;1
138;Amanda;2020-3-22 10:42:41;0;0;1;1;kan;11;41;2;kutya;Kunming kutya, Mountain cur keverék;allatkepek/145.jpg;Consequat nostrud voluptate dolore cillum enim eu laborum deserunt culpa, laborum sed nulla excepteur commodo sint eiusmod dolor, sit dolore proident quis do. Ex consectetur sint amet officia est cupidatat nulla.;Incididunt irure eiusmod cillum consequat in qui, cupidatat reprehenderit laboris qui. Esse elit consectetur ex ea ex labore amet, aute esse deserunt non nisi adipiscing. Deserunt est exercitation pariatur consectetur fugiat est proident.;Tzyo7tn@QQ94gv.com;+36501606190;0;1
139;Goldy;2020-3-13 19:50:28;0;0;0;1;szuka;19;17;3;kutya;Drótszőrű portugál kopó;allatkepek/249.jpg;Qui eu magna ut deserunt laboris laboris pariatur, aliqua lorem incididunt id velit. Est dolor quis ipsum adipiscing.;Cupidatat incididunt nisi ad commodo consequat elit mollit quis, nostrud exercitation labore ullamco amet et. Voluptate consequat id laborum cupidatat culpa in, enim ut eiusmod eu deserunt anim elit. Sit aliquip sint pariatur pariatur adipiscing laborum, ipsum non aliquip ex.;kOvv2suvd@gXC2JTI.com;+36505309684;0;3
140;Suhanc;2023-5-16 17:57:34;1;0;0;0;kan;10;29;3;macska;fehér perzsa;allatkepek/41.jpg;Consequat amet quis aliquip. Exercitation sint reprehenderit sunt consectetur.;Non quis et esse. Occaecat duis nulla minim voluptate fugiat. Ea nulla aute nulla nostrud ullamco ipsum dolor proident pariatur, excepteur cillum commodo irure aliqua sunt.;DjkNQu@pdQ.com;+36404512774;0;4
141;Cherie;2020-6-16 9:37:52;0;0;1;1;szuka;17;6;1;kutya;Harrier (Nyúlászkopó);allatkepek/197.jpg;Id mollit laboris minim nisi. Excepteur nostrud cillum incididunt consectetur aliqua magna anim veniam.;Aliquip et adipiscing reprehenderit tempor dolor laborum enim. Quis culpa mollit lorem reprehenderit irure sit. Nostrud voluptate esse occaecat ipsum velit esse ad eiusmod ea.;KULorR@3Ijs5.com;+3650208683;0;4
142;Destiny;2020-6-6 14:14:40;1;0;1;0;kan;15;18;1;kutya;Perui meztelen kutya;allatkepek/169.jpg;Enim sint velit in esse velit magna fugiat. Commodo do occaecat nulla, enim irure minim aute.;Quis laborum velit ex id ipsum cillum sed tempor, voluptate commodo consequat nulla id nostrud ipsum dolore sit proident. Irure anim nostrud cupidatat officia reprehenderit. Ex labore exercitation elit labore laboris.;TTg@FJhon.com;+36506140164;0;4
143;Bella;2022-11-24 11:31:16;1;0;0;1;kan;2;19;1;kutya;Savoye-i pásztorkutya;allatkepek/179.jpg;Esse cupidatat nisi dolore. Mollit culpa in consectetur incididunt enim irure lorem, ut anim officia excepteur do labore reprehenderit dolore amet, aliqua velit quis qui sint tempor magna eiusmod nostrud.;Labore enim occaecat nisi. Culpa commodo elit minim amet, aliqua consectetur nulla lorem est id quis enim magna consectetur. Quis duis excepteur tempor reprehenderit nostrud mollit.;GUOXOnO02U@9CUHC.com;+36404056261;0;4
144;Bűvész;2021-8-1 3:33:28;0;0;1;0;kan;19;26;2;kutya;Manchester terrier;allatkepek/289.jpg;Anim ex laboris elit duis. In exercitation mollit ex consectetur cupidatat commodo ut consequat, et tempor laboris magna et ea do amet non pariatur.;Elit sunt eiusmod aute incididunt est excepteur. Mollit dolor anim incididunt duis reprehenderit ut consectetur. Officia exercitation voluptate ad pariatur aliqua adipiscing veniam enim.;fgC0L@5DuT7.com;+3660858947;0;4
145;Beethoven;2021-5-19 14:1:11;1;0;1;1;kan;2;11;3;macska;orosz kék;allatkepek/53.jpg;Enim tempor aute voluptate, velit ullamco ea ut aliquip commodo ipsum, sit mollit labore dolor elit. Nisi cillum ad et magna aliqua laborum commodo exercitation.;Est reprehenderit voluptate enim dolore tempor id cillum dolor et. Proident qui ex cillum veniam excepteur sint, ut do laboris ea veniam. Officia esse velit nulla.;QNHQihxA2b@WfG.com;+36502172640;0;1
146;Nina;2021-6-13 17:44:39;1;0;0;1;kan;15;44;1;kutya;Bretagne-i cserszínű griffon;allatkepek/337.jpg;Deserunt ex voluptate lorem qui veniam aliquip sit elit. Nisi enim dolore ea nulla.;Lorem sunt nulla consectetur in nostrud velit excepteur labore, ea velit esse consequat irure id sit. Exercitation fugiat ullamco proident occaecat voluptate laborum, et exercitation ad sint anim cillum eu. Duis nisi sint nostrud ullamco magna officia.;Zd8xvfd5SC@bayElS6Dik.com;+36403274803;0;1
147;Orlando;2020-8-27 22:40:55;0;0;1;1;szuka;14;16;4;kutya;Katalán pásztorkutya, Fekete sery keverék;allatkepek/165.jpg;Culpa laboris adipiscing commodo cupidatat. Irure nostrud cillum sunt veniam fugiat mollit tempor.;Lorem deserunt ea excepteur amet ea sed. Quis mollit reprehenderit elit, sunt sint do veniam. Occaecat ipsum ad exercitation.;CrE@Q1Q6OVgyx.com;+36307376720;0;1
148;Zafír;2023-4-17 2:60:10;1;0;0;1;kan;1;36;1;kutya;Thai ridgeback, Osztrák pinscher keverék;allatkepek/200.jpg;Occaecat elit irure tempor sunt ea culpa do voluptate amet. Commodo deserunt velit fugiat.;Do minim est elit. In mollit pariatur tempor proident cillum dolor commodo aliquip ea, velit ut enim ex, veniam sint labore laborum et dolore minim dolor magna. Officia aute culpa sint do irure officia excepteur ex pariatur, sit in dolore deserunt deserunt sit aliquip occaecat.;aV3@p8n7NUJ.com;+36506246123;0;7
149;Kai;2023-7-20 17:48:60;1;0;0;1;kan;4;2;3;kutya;Tacskó;allatkepek/291.jpg;Commodo nisi tempor laborum nostrud aute dolore qui. Officia cillum sit ullamco deserunt dolor quis.;Esse quis eu laboris ipsum sit aliquip in excepteur culpa, eu ex nisi incididunt quis aliquip fugiat. Est fugiat adipiscing minim nostrud lorem, eu adipiscing minim et ad est aliquip adipiscing non, enim esse esse sed ut occaecat laborum in aute. Exercitation non velit sint enim ullamco deserunt, consectetur id laboris tempor veniam eiusmod.;jVAJHdpZ6z@7iCLRN4.com;+36402872208;0;4
150;Gróf;2021-10-25 22:17:6;1;0;1;0;kan;5;8;3;kutya;Barbet;allatkepek/170.jpg;Laborum sed nisi veniam. Pariatur officia aliqua consequat.;Exercitation sint dolor excepteur amet. Qui esse elit cupidatat aute anim proident enim ut lorem, pariatur quis incididunt qui id aliquip sed consequat. Irure officia nostrud ad ipsum est sit enim est.;eSTyU3MJkz@jjFwD.com;+36401955321;0;3
151;Darling;2021-6-16 10:54:57;0;0;1;0;szuka;16;24;3;macska;fekete perzsa;allatkepek/73.jpg;Commodo ut aliqua eiusmod. Cillum officia minim amet, consectetur lorem reprehenderit adipiscing, quis mollit ullamco tempor sint voluptate mollit consequat consequat velit.;Eu amet ea ad irure cillum, veniam nisi duis id minim dolor nostrud velit proident labore. Reprehenderit laborum irure fugiat eu minim. Incididunt nulla aliquip sit aliqua amet elit, sint aliquip occaecat sint est aute.;wds4mJ54Ez@qo6RZbg.com;+3630927114;0;7
152;Stella;2020-7-26 7:32:44;0;0;1;1;szuka;7;17;4;kutya;Dunker;allatkepek/135.jpg;Lorem incididunt reprehenderit proident anim et ullamco sed, id irure ut duis commodo do et veniam magna. Officia cupidatat nostrud ex sunt.;Ipsum ut aute officia dolor ex elit nisi enim. Occaecat aliqua eiusmod non non adipiscing. Dolore excepteur tempor magna commodo excepteur cillum commodo sunt ex.;hY6@xAPbg9EQ.com;+3630977224;0;1
153;Sakál;2023-6-23 8:50:58;0;0;0;0;kan;14;45;2;kutya;Bichon frisé, Szetter keverék;allatkepek/310.jpg;Aliquip sint tempor minim deserunt adipiscing. Dolore pariatur lorem do labore tempor in voluptate nisi.;Incididunt nisi pariatur esse excepteur sunt in. Ut velit aliqua nulla. Cillum sit consectetur ex culpa.;D1u2RM@JZF.com;+36507487688;0;3
154;Afton;2023-1-23 11:46:22;0;0;0;1;kan;18;22;4;kutya;Vesztfáliai tacskókopó;allatkepek/246.jpg;Enim excepteur ea qui, consequat nisi occaecat cillum qui culpa. Sint cupidatat aute sunt veniam consectetur id ut amet, in excepteur aute eiusmod est laborum sit reprehenderit.;Do ea eiusmod qui lorem sunt cupidatat duis, qui et velit laborum aute veniam est. Anim voluptate nostrud exercitation consectetur velit eiusmod adipiscing. Esse ullamco aute dolore adipiscing excepteur tempor quis.;3g5C5k9HW@IvbnTNWUCG.com;+36407492388;0;1
155;Kenny;2022-6-13 4:51:60;0;0;1;1;szuka;13;24;2;kutya;Lengyel vadászkutya;allatkepek/162.jpg;Commodo dolore velit sit aute et sed irure, laboris aliquip elit in sunt fugiat nisi. Ex aliqua minim cupidatat ea ullamco excepteur occaecat eu ut, reprehenderit lorem proident aliqua laborum esse mollit ex amet nulla, qui veniam occaecat tempor nulla.;Nisi duis ut proident elit ad. Nisi sit velit eiusmod ullamco commodo exercitation quis mollit pariatur. Eiusmod labore tempor voluptate laborum.;TAJqUys@H80psEI.com;+36309983158;0;8
156;Melák;2021-1-9 19:25:17;0;0;0;0;kan;10;48;2;kutya;Schipperke, Amerikai Bulldog keverék;allatkepek/190.jpg;Enim occaecat amet velit reprehenderit tempor fugiat. Voluptate aliqua non officia qui.;Et eiusmod irure proident cupidatat, proident exercitation dolore consequat cillum amet do elit ea excepteur. Do minim nisi lorem excepteur laboris. Aute deserunt sunt duis consequat ipsum velit sit enim sit.;ePc4S@OqEM8.com;+36309050014;0;4
157;Rézi;2023-7-21 14:56:4;1;0;1;0;kan;16;14;3;kutya;Kuvasz;allatkepek/285.jpg;Sit non nulla eu cillum deserunt fugiat reprehenderit anim sunt. Id consequat do elit sed ut ullamco, commodo officia lorem ea pariatur occaecat sint.;Irure sit amet sit proident deserunt duis aliquip fugiat dolore. Nisi in dolor ex enim consectetur exercitation eu in consequat. Deserunt id est officia aute qui duis occaecat nulla quis.;zVntHkN@IGW.com;+3630620044;0;4
158;Gigi;2021-1-14 6:38:31;1;0;0;0;kan;15;4;2;macska;makréla ezüst;allatkepek/58.jpg;Pariatur sit ea ullamco quis cupidatat elit culpa occaecat. Enim cupidatat voluptate est commodo culpa elit aliqua.;Commodo est lorem irure tempor, mollit aute nisi reprehenderit amet eu lorem lorem culpa. Dolore elit fugiat et sunt nisi nulla ad sed, magna ea cillum nostrud aliquip excepteur ullamco officia excepteur, reprehenderit aliqua eu quis id fugiat laboris in cupidatat. Velit anim aute minim, magna ex ullamco ut enim pariatur et.;yZ74DY7Tew@FgikKgD.com;+36507756061;0;1
159;Furby;2023-7-13 13:30:52;0;0;1;0;kan;13;10;4;kutya;Olasz agár;allatkepek/324.jpg;Sunt esse elit eiusmod occaecat laborum elit velit culpa, do ex laboris cupidatat. Sint exercitation mollit esse sed amet officia.;Ad sit laboris mollit consectetur amet enim in elit. Enim nostrud ut culpa ut sunt proident ad qui exercitation. Sint nulla id officia occaecat aliquip officia exercitation.;OWEj1gIF@qA3xw7Ow.com;+36409576209;0;2
160;Piszok;2021-8-25 18:16:1;0;0;1;0;kan;9;46;2;macska;birman;allatkepek/63.jpg;Occaecat nostrud commodo minim sit voluptate non culpa veniam. Adipiscing labore amet et deserunt nulla exercitation duis, anim aliqua elit adipiscing esse tempor nisi nostrud.;Ipsum officia qui laborum officia. Nulla laborum occaecat incididunt dolore exercitation ad. In laboris nisi incididunt qui amet dolor ullamco et, pariatur nulla sint culpa.;ZkMtmcoP@rx52NvCyl.com;+36403670200;0;8
161;Vitéz;2022-9-21 16:40:50;1;0;1;0;szuka;14;44;1;kutya;Carolina kutya, Schwyzi kopó keverék;allatkepek/156.jpg;Amet aute incididunt tempor et pariatur laborum, nostrud ea nisi culpa mollit qui cupidatat elit commodo irure. Excepteur consectetur eu labore proident dolor.;Ullamco duis est esse duis ex eu velit dolor. Dolore voluptate commodo sed eiusmod exercitation ipsum aute labore, consequat deserunt reprehenderit excepteur voluptate mollit pariatur nostrud elit non. Labore nostrud officia in ipsum.;smzrZBgOxA@qqd3vP.com;+36509211775;0;1
162;Stuki;2022-12-6 3:52:39;0;0;0;0;szuka;17;34;2;kutya;Közép-ázsiai juhászkutya;allatkepek/232.jpg;Quis dolore excepteur nulla magna eiusmod, esse id anim commodo ullamco aliquip cillum occaecat laboris. Pariatur adipiscing in veniam proident dolor, ea amet ex consectetur deserunt.;Sed irure occaecat reprehenderit non. Mollit eiusmod anim labore pariatur deserunt veniam mollit dolore eiusmod. Cupidatat nulla ex aute cillum nulla consequat quis laboris duis.;T5AEf@QVZA.com;+36305033200;0;2
163;Mézeske;2022-10-14 13:39:4;1;0;0;1;szuka;6;30;3;macska;füst perzsa;allatkepek/72.jpg;Duis elit consectetur elit. Ipsum aute ad id magna ea tempor laborum.;Ea nostrud ad tempor culpa proident reprehenderit, magna laborum labore et consequat. Qui amet laboris nulla do veniam occaecat, exercitation cupidatat commodo duis esse, anim sunt id voluptate labore aliquip elit id. Elit ipsum reprehenderit sit sint velit, occaecat aute ut dolore.;WUUoqkA@AN7yI3pn.com;+36401477039;0;7
164;Pisze;2023-3-4 16:59:28;0;0;0;0;szuka;7;18;2;kutya;Whippet, Dobermann keverék;allatkepek/269.jpg;Commodo exercitation sed consectetur velit cupidatat, officia do culpa et anim laborum cupidatat. Laboris magna fugiat velit esse dolore eu aliquip laborum reprehenderit, sint nostrud cillum proident nisi excepteur occaecat, qui in amet tempor veniam laboris ipsum sunt aute.;Fugiat lorem cupidatat est officia sit sunt aliquip qui veniam. Dolore esse proident aute anim. Ea ullamco tempor nulla qui.;HXZPXIBjq@OsVQ.com;+36609937381;0;2
165;Fifi;2020-8-15 23:3:56;0;0;0;1;kan;11;16;4;macska;barna cirmos;allatkepek/121.jpg;Eu amet reprehenderit magna nulla. Officia nisi fugiat officia velit non commodo esse ut.;Commodo sed sit excepteur veniam id exercitation. Deserunt nostrud commodo ut qui non fugiat. Non tempor consectetur officia, eiusmod ad cupidatat in.;xE1C3PWx@oAve.com;+36605754270;0;8
166;Napóleon;2021-8-27 4:18:59;1;0;1;1;szuka;3;41;2;kutya;Berni pásztorkutya;allatkepek/277.jpg;Qui reprehenderit irure consectetur veniam minim magna occaecat, aliquip labore sunt voluptate ex. Anim laborum proident proident amet elit reprehenderit sed deserunt, ut deserunt aute nostrud.;Eiusmod cillum quis dolor fugiat labore nostrud eiusmod commodo sit. Eiusmod ea incididunt ex dolor irure excepteur reprehenderit amet. Tempor reprehenderit esse proident aliquip magna.;Sar4z@vmZVbq.com;+36504772439;0;2
167;Killer;2022-4-19 17:22:8;0;0;1;1;szuka;1;32;2;kutya;Pireneusi francia vizsla, Inka kopasz kutya keverék;allatkepek/320.jpg;Anim lorem incididunt ex, ea ad labore sunt consequat nostrud ea proident reprehenderit nostrud. Veniam laboris fugiat elit mollit velit magna adipiscing cillum ullamco.;Incididunt nostrud tempor cupidatat ad exercitation. Irure elit aliqua sint incididunt minim ipsum aute. Laboris aliquip lorem quis nulla nostrud anim.;Dml@BoCy7EtQ.com;+36504066612;0;2
168;Adonisz;2021-12-10 18:39:0;1;0;1;0;szuka;20;48;2;kutya;Flandriai pásztorkutya;allatkepek/184.jpg;Sint excepteur lorem minim laboris commodo, elit officia qui velit laborum consequat tempor amet. Eiusmod occaecat nulla ad proident amet consectetur laboris irure, labore minim elit qui consectetur excepteur incididunt.;Adipiscing et exercitation dolor tempor aliqua reprehenderit occaecat. Commodo incididunt culpa adipiscing ad voluptate reprehenderit velit nulla in. Exercitation laboris labore lorem elit.;ibO@c4VgY.com;+36408976012;0;1
169;Jerry;2020-7-15 23:41:50;0;0;1;1;szuka;15;9;3;kutya;Szürke norvég elghund;allatkepek/279.jpg;Irure occaecat aute reprehenderit. Deserunt ea enim elit labore exercitation sed.;Exercitation consectetur dolore sed. Eu mollit qui proident do do duis occaecat sint. Ad consequat elit nisi cillum.;mtos@DhvMbEw1V.com;+364084484;0;3
170;Mogyoró;2022-2-15 9:39:26;1;0;0;1;kan;2;45;4;macska;barna burma;allatkepek/9.jpg;Anim proident commodo laborum aute fugiat nisi laboris sunt. Labore velit aute sed.;Est nostrud deserunt mollit voluptate et ea exercitation nostrud laboris. Eu non adipiscing sunt ex aliqua veniam anim esse nisi, amet mollit dolor reprehenderit deserunt ad velit, duis mollit non ex magna consequat do et ea laborum. Cillum pariatur nulla culpa laboris dolor.;Xtu@KRMHW54F.com;+36509778971;0;2
171;Szeszi;2021-8-17 10:10:10;1;0;0;1;kan;18;9;1;macska;török angóramacska;allatkepek/10.jpg;Irure veniam laborum dolor sint. Officia proident consectetur adipiscing culpa excepteur nisi tempor pariatur eu, duis do aute do ipsum non.;Veniam magna pariatur adipiscing anim irure do, minim duis labore cillum dolore dolor mollit. Aute officia est mollit exercitation. Magna nisi laboris exercitation officia qui et consectetur incididunt nisi.;OUbvqOG@S4uQPuIhM.com;+36604843118;0;4
172;Sakál;2023-10-24 6:20:53;0;0;0;1;szuka;14;43;1;kutya;Kras-medencei juhászkutya;allatkepek/224.jpg;Dolor ullamco commodo sint qui et nulla incididunt. Duis in id magna voluptate non mollit.;Voluptate amet nostrud ullamco commodo ut. Reprehenderit nisi eu ipsum in incididunt lorem esse, elit consequat sit aliqua reprehenderit qui duis nulla cupidatat. Eiusmod ut ullamco commodo anim dolor amet laborum minim est.;VXqXr92i@ytr.com;+36608904700;0;1
173;Sámson;2022-10-6 2:53:4;1;0;0;1;kan;11;21;1;macska;devon rex;allatkepek/49.jpg;Irure ut aliquip quis aliquip tempor. Amet et sit consectetur velit pariatur nostrud laborum, ea tempor excepteur mollit sunt.;Proident ut commodo duis laboris cupidatat et ad. Excepteur fugiat ullamco sint qui eiusmod esse id do labore. Reprehenderit et sint qui labore ipsum lorem eu incididunt non.;5Z2qVvG@khBWXCeR.com;+36401599095;0;8
174;Cézár;2023-3-15 6:34:27;1;0;1;0;szuka;2;35;1;kutya;Hosszúszőrű skót juhászkutya;allatkepek/135.jpg;Nulla officia sint elit labore esse dolore ipsum aute dolor. Occaecat sit sit est amet ullamco magna velit est fugiat.;Duis officia veniam aliquip nostrud id ea consectetur dolor, commodo aute amet proident qui lorem voluptate occaecat eu voluptate. Voluptate aliqua lorem magna qui mollit minim amet tempor excepteur. Duis adipiscing tempor enim ex commodo ullamco.;JmN8ZszwIA@daaE7nAJ.com;+36604090751;0;3
175;Ofélia;2023-6-4 9:33:28;0;0;0;0;kan;6;50;4;kutya;Dán-svéd őrkutya;allatkepek/300.jpg;Nulla sed reprehenderit ipsum. Non tempor sint nostrud veniam veniam amet incididunt aliqua cillum, duis dolor eiusmod irure elit sed id incididunt nisi.;Laboris labore incididunt cupidatat dolor amet esse tempor officia. Sed irure ipsum irure et sit, aliquip commodo ea non eiusmod proident ut. Mollit occaecat sit elit minim reprehenderit cupidatat cupidatat commodo, aliquip consequat elit dolore consectetur fugiat ullamco sint et cillum, duis sint eu aute.;Igxpvn@agCvFwf.com;+36503155480;0;1
176;Luigi;2021-7-11 15:1:8;0;0;0;0;kan;17;20;2;kutya;Mopsz;allatkepek/334.jpg;Fugiat sed ut culpa occaecat aute. Eiusmod amet dolor eiusmod anim do occaecat lorem, magna pariatur cillum nisi culpa sit.;Commodo qui pariatur reprehenderit nostrud tempor, est nostrud sit magna excepteur ex velit dolor cillum minim. Amet consectetur nisi adipiscing dolore sunt non dolore. Id laborum ex ut fugiat sit aliqua sint occaecat.;okh27@FVJq.com;+36601199156;0;4
177;Melák;2022-11-2 16:32:40;1;0;1;0;szuka;11;46;3;macska;európai rövidszőrű;allatkepek/46.jpg;Sunt sed consequat nostrud. Consectetur aliqua adipiscing ea aliqua.;Lorem incididunt minim cupidatat sunt pariatur. Amet esse ad in veniam, officia sint dolor commodo labore irure. Incididunt velit amet consectetur laboris do voluptate.;KK4@9XhEnqM.com;+36402811243;0;2
178;Lewis;2021-9-18 14:16:47;1;0;1;1;szuka;11;36;4;macska;krém;allatkepek/19.jpg;Sint ex sunt lorem minim nulla. Pariatur sit qui in ipsum adipiscing occaecat dolor cillum.;Culpa incididunt irure incididunt in id consectetur id mollit occaecat, deserunt duis reprehenderit laborum esse reprehenderit. Excepteur deserunt ullamco duis tempor adipiscing. Non tempor qui sit nulla sit ut ex.;0ggSzj@zYq8beRBQ.com;+36509680734;0;8
179;Lili;2022-2-22 7:18:42;1;0;0;0;szuka;12;4;2;macska;keleti macska;allatkepek/1.jpg;Nostrud cillum lorem incididunt sit culpa reprehenderit, ipsum ea anim magna est deserunt eiusmod et consequat sunt. Labore voluptate amet officia deserunt occaecat quis mollit aliquip.;Aute anim ullamco exercitation dolor labore in. Sunt commodo duis excepteur, deserunt in officia qui ipsum. Voluptate pariatur minim minim, nisi cillum adipiscing quis nisi excepteur nulla ea dolor.;N0mRJylTwb@x65yfKBhBf.com;+36606937806;0;1
180;Adolf;2022-5-3 3:47:49;1;0;0;1;kan;12;24;3;kutya;Dandie Dinmont-terrier, Afgán agár keverék;allatkepek/197.jpg;Pariatur do deserunt enim. Eu voluptate adipiscing duis exercitation laborum sit nisi nostrud.;Anim excepteur anim occaecat. Aliquip cillum eu deserunt quis. Incididunt aliqua lorem sed.;q8O7zvkRI4@WNO.com;+36609816975;0;3
181;Pénzecske;2020-5-21 7:36:15;1;0;0;0;kan;17;16;4;kutya;Simaszőrű portugál kopó, Spániel keverék;allatkepek/281.jpg;Mollit sint magna non. Sint pariatur consectetur ullamco duis dolor, sunt aute tempor lorem excepteur ipsum qui eu fugiat minim.;Esse in qui proident tempor, velit eu irure sint ipsum eu incididunt ad, nulla non elit cupidatat officia. Ut pariatur est ipsum occaecat, magna amet eiusmod voluptate id qui ex. Quis fugiat do anim irure ea labore consequat sed.;SpoQsGMy@lwt83H0w.com;+36308783497;0;4
182;Mimi;2022-10-27 3:55:9;0;0;0;1;szuka;12;42;2;macska;vörös-fehér perzsa;allatkepek/3.jpg;Amet irure sed magna id sit nisi amet dolor. Cupidatat sunt ad ad commodo pariatur eu esse velit fugiat.;Dolore qui sit lorem occaecat enim aute, magna laborum cillum adipiscing sed nostrud est aute. Aliqua cillum in lorem, nostrud ea dolor reprehenderit dolor irure occaecat reprehenderit. Esse lorem et aute sed commodo esse do deserunt exercitation, cupidatat duis laboris minim pariatur nulla irure ipsum velit, minim et ex eu.;J1QPL@51A.com;+36501740063;0;1
183;Bonnie;2022-4-26 2:19:49;1;0;0;0;kan;20;23;3;kutya;Koreai jindo kutya, Boykin spániel keverék;allatkepek/254.jpg;Adipiscing laboris deserunt lorem eiusmod anim consectetur. Ad occaecat ut cillum.;Velit sunt consequat sint ad laboris ullamco. Eu aliqua duis magna do nulla nostrud pariatur. Quis enim eiusmod sed qui.;PQmM11f3B@gRbjDOk.com;+36404767859;0;1
184;Rénó;2022-1-24 14:54:28;1;0;1;1;kan;1;13;4;kutya;Leopard cur;allatkepek/153.jpg;Sed aliqua ea in voluptate sit, duis esse do ipsum et dolor non excepteur, id consectetur nostrud ullamco cillum ad laboris officia sed dolore. Duis occaecat irure quis eiusmod sit commodo culpa, nulla veniam et nulla reprehenderit, mollit voluptate pariatur sunt.;Laboris eiusmod exercitation enim consequat exercitation proident do veniam aliqua. Do quis veniam in nostrud est ut occaecat veniam, pariatur ad eiusmod sit amet in cillum qui esse. Laborum ad et non excepteur aliquip ea aute.;c0vMigp0eS@YMyD8GloL.com;+36609315475;0;1
185;Apolló;2023-2-4 21:58:21;1;0;1;0;kan;11;18;4;macska;kámea perzsa;allatkepek/12.jpg;Eiusmod nisi magna incididunt aliquip aliqua, sed culpa ex incididunt minim, pariatur ad cupidatat mollit dolor ut dolore dolore elit. Sit laboris duis pariatur ullamco labore laborum est.;Laboris aliqua culpa officia tempor reprehenderit id cupidatat ea, do excepteur labore velit esse. Sint commodo magna sunt aute tempor ipsum proident fugiat sit. Qui exercitation voluptate enim.;k7d@enWSDGHc.com;+36306390419;0;3
186;Maggie;2020-7-16 6:46:47;1;0;1;0;szuka;5;47;3;macska;füst perzsa;allatkepek/72.jpg;Et laborum mollit exercitation laborum sed, est anim anim ea est, do nulla pariatur nisi qui. In officia labore esse incididunt cupidatat irure.;Ut aliqua duis proident sint nostrud tempor commodo, voluptate velit amet ut quis cillum. Sit exercitation labore aute et amet tempor lorem, occaecat ipsum sunt officia aute cupidatat elit est. Consequat do sed laboris veniam labore labore officia culpa.;QYwBOEijrm@74KnyWLW.com;+36404353978;0;3
187;Kloé;2023-7-27 2:14:35;1;0;1;0;kan;2;30;2;kutya;Arab agár;allatkepek/263.jpg;Sit qui voluptate minim ex do incididunt. Aute ullamco cillum duis esse anim lorem.;Officia voluptate cillum dolore exercitation veniam ad. Sed irure ipsum do nisi veniam dolore laboris. Ut officia tempor mollit, consequat magna voluptate occaecat enim exercitation consectetur nulla cupidatat.;7iRsbf1gn3@0GrHzG.com;+36506489082;0;2
188;Sátán;2021-11-12 24:33:13;0;0;1;0;kan;2;3;3;kutya;Perzsa agár;allatkepek/325.jpg;Aliquip officia quis occaecat. Non adipiscing adipiscing nostrud, eiusmod culpa voluptate velit nulla nostrud.;Et enim in aute esse cillum voluptate ullamco, id culpa occaecat ipsum sunt sint. Reprehenderit velit tempor sunt quis consectetur, ipsum nostrud velit qui nostrud nisi non commodo eu. Id et exercitation aliqua officia est et.;aaSFg6eRHf@AcAVSPDQV.com;+36402099747;0;2
189;Zsömi;2021-4-7 5:11:59;0;0;1;1;kan;13;17;2;macska;vörös cirmos perzsa;allatkepek/57.jpg;Anim fugiat non in, nostrud exercitation lorem amet esse esse enim consequat. Ea sunt eiusmod minim qui excepteur.;Tempor aliqua enim duis et nisi officia. Ea nisi occaecat magna commodo laborum labore. Est quis deserunt incididunt, dolore commodo irure eu magna ea sed excepteur ex qui, nulla sit exercitation proident aute.;zapC6sYc@VJvohCF.com;+36505551299;0;7
190;Ibis;2021-9-1 12:28:7;1;0;1;1;szuka;15;47;4;macska;himalája;allatkepek/66.jpg;Voluptate labore ullamco cillum anim eu. Proident labore incididunt id non sed lorem sunt aliqua lorem.;Minim quis ipsum anim cillum id mollit proident amet aute, lorem laborum ex occaecat incididunt voluptate sunt tempor id elit. Consequat ad fugiat cupidatat sint eu sint duis nostrud tempor, eu sed reprehenderit consectetur nostrud quis adipiscing in. Irure lorem dolor esse cupidatat incididunt.;OAKEWGkGhv@cgQK5hbh.com;+36407560393;0;2
191;Pandúr;2021-2-20 11:40:35;0;0;0;0;szuka;10;7;3;macska;korat;allatkepek/53.jpg;Commodo lorem culpa officia eu non voluptate. Elit consequat dolor ullamco et ad proident quis deserunt aliquip.;Commodo laboris ad minim. Elit sit magna lorem in. Mollit non amet ullamco.;rrIWgDGhO@3pn.com;+36509983008;0;2
192;Narancs;2022-6-3 23:15:45;0;0;0;0;szuka;1;1;4;kutya;Shetlandi juhászkutya;allatkepek/148.jpg;Eiusmod proident officia est dolore minim qui labore voluptate. Ex aliqua sit irure dolor dolor veniam.;Qui culpa sed anim fugiat cupidatat, commodo aliquip eu nostrud et mollit in, non duis velit non proident enim mollit consequat sit ipsum. Laboris irure aute tempor consequat labore id dolore. Proident nulla ex officia velit, sint magna minim eu eiusmod velit nisi ullamco nisi.;vGzAFKQHv7@ggRWH0ajj8.com;+36308110117;0;2
193;Piszok;2021-3-24 5:25:28;0;0;1;1;kan;15;10;1;macska;török angóramacska;allatkepek/42.jpg;Pariatur officia sit cupidatat magna non sit labore aliqua. Excepteur ut officia nulla in do minim magna, sunt proident ad ipsum lorem dolor cillum cupidatat.;Magna est quis est non irure velit. Nulla mollit minim amet consequat eiusmod culpa, laboris exercitation lorem excepteur nisi ex. Anim mollit duis culpa fugiat commodo anim sit dolore quis.;Vaggw3Rgw@Jl43.com;+36304469846;0;1
194;FuFu;2021-6-8 12:20:14;0;0;1;1;szuka;3;50;3;macska;fehér házi macska;allatkepek/38.jpg;Ad consectetur pariatur proident officia. Mollit cillum veniam excepteur veniam quis.;Culpa pariatur enim irure culpa fugiat magna pariatur. Cupidatat aute non cupidatat consequat elit. Fugiat irure anim adipiscing nostrud cillum reprehenderit, officia lorem sed deserunt officia sed aliqua incididunt, eu qui et elit minim ullamco ullamco veniam.;ha4eoEGC@2g5ti7v.com;+36607918292;0;8
195;Bonnie;2020-6-11 0:1:48;1;0;0;1;kan;5;29;3;kutya;Olasz kopó, Mexikói meztelen kutya keverék;allatkepek/258.jpg;Deserunt dolor eu id, dolor in tempor sit enim ea velit. Eiusmod qui aliquip duis sed ut cupidatat.;Ad sed sit tempor tempor magna ea proident. Duis ipsum duis laborum sint in consequat aliquip consequat et, ut ad nulla proident nisi. Consequat do officia amet enim eiusmod.;9BFUBdo@ez7mCQ.com;+36406459330;0;3
196;Gombi;2021-3-12 12:15:22;0;0;0;1;szuka;13;21;1;kutya;Német juhászkutya;allatkepek/151.jpg;Velit proident anim reprehenderit occaecat pariatur consequat incididunt nulla consectetur. Sint non elit quis.;Laborum anim anim velit aliquip elit. Excepteur aute commodo ex id veniam pariatur sed. Ex adipiscing et et eiusmod eu eiusmod consequat, reprehenderit nulla dolore est consectetur officia.;rARt@F7GUd.com;+36302216427;0;1
197;Espresso;2020-11-9 10:39:42;1;0;0;0;szuka;8;27;3;kutya;Hannoveri véreb;allatkepek/174.jpg;Proident quis sunt officia exercitation aliqua irure. Tempor cillum fugiat sed qui magna ipsum velit duis cupidatat, enim lorem culpa ut quis nulla tempor aute.;Non qui ullamco nulla. Tempor ad duis ea. Exercitation ad laboris voluptate sunt in dolor sunt cillum.;JSEs@w29RiI6pZg.com;+36405334090;0;2
198;Orchidea;2021-4-21 14:26:35;0;0;0;0;szuka;8;7;2;kutya;Vendée-i griffon basset;allatkepek/261.jpg;Ea incididunt nisi nulla eiusmod incididunt magna magna. Pariatur dolor minim culpa culpa occaecat.;Exercitation nisi elit enim fugiat. Eu elit irure deserunt aute lorem cupidatat. Exercitation labore consequat sunt.;GLZxBEBpo@qWAm.com;+36405221215;0;3
199;Lucy;2023-12-20 13:57:10;0;0;1;1;kan;9;31;4;kutya;Szíriai pásztorkutya;allatkepek/206.jpg;Eiusmod in aliquip exercitation excepteur nostrud occaecat incididunt ea, exercitation ex fugiat cillum sunt tempor sint amet. Do enim ut sed velit lorem deserunt voluptate sed nulla, ut commodo duis voluptate eiusmod, eu consectetur quis nostrud culpa commodo laborum labore.;Pariatur lorem non excepteur consectetur aliquip. In aute id reprehenderit deserunt occaecat eiusmod irure ullamco sed. Nostrud id voluptate do ipsum.;lmiLQjoJn@CFv7.com;+36401048209;0;4
200;Piszok;2020-8-27 21:29:35;0;0;0;0;szuka;3;27;1;macska;fekete;allatkepek/0.jpg;Lorem labore magna sit proident sint velit non lorem non. Cupidatat exercitation eu mollit fugiat ad ex, anim in aute excepteur ea commodo deserunt quis, ex adipiscing cillum et reprehenderit sunt quis voluptate.;Qui laboris enim enim laborum excepteur nostrud ullamco et do. Mollit non eiusmod exercitation adipiscing sunt id sit, cillum eu magna veniam occaecat. Reprehenderit sed deserunt nulla est officia elit eiusmod commodo mollit.;I2xD12vNk@rfDzvr.com;+36302293632;0;2
201;Héra;2022-2-14 5:41:47;1;0;0;1;szuka;11;29;4;kutya;Pikárdiai kék spániel;allatkepek/267.jpg;Sint eu ullamco amet enim ad dolor excepteur. Cillum culpa voluptate irure et ea laboris amet, ullamco dolor sed cupidatat lorem veniam ipsum duis.;Sed exercitation ullamco veniam quis in labore ipsum esse. Ut enim non adipiscing minim est. Duis nostrud sed deserunt velit veniam tempor non duis ex, ullamco nisi aute incididunt.;hAw@g3jm1zK9g.com;+36402874614;0;2
202;Téra;2022-10-12 15:38:39;1;0;1;1;kan;1;46;1;kutya;Sussexi spániel, Román pásztor kutya keverék;allatkepek/258.jpg;Nostrud elit fugiat labore commodo consequat mollit. Culpa quis est aliquip labore ipsum officia irure ad reprehenderit.;Officia commodo quis mollit consectetur veniam labore proident, aute consectetur consectetur pariatur. Ea ea labore magna pariatur cillum excepteur in ipsum. Consequat nostrud reprehenderit ut magna duis sint proident quis in, lorem sed enim laboris commodo nulla.;Fx1UKFe@t2pchdOHOb.com;+36507325966;0;1
203;Vanília;2023-10-10 0:50:0;0;0;1;0;szuka;18;29;3;kutya;Ardenneki pásztorkutya;allatkepek/319.jpg;Sint laboris qui quis voluptate cupidatat amet fugiat commodo exercitation. Reprehenderit sit duis dolore ea proident occaecat.;Enim ad do nisi dolore labore ex exercitation proident. Fugiat do sunt incididunt sit mollit laboris quis quis. Cupidatat voluptate tempor pariatur ipsum, veniam non mollit sint culpa fugiat qui velit.;IOnWnRK1@mJQI790.com;+36604162070;0;3
204;Pamacs;2023-6-16 21:2:29;0;0;0;1;szuka;2;5;4;kutya;Bearded collie;allatkepek/223.jpg;Aliquip aliqua laboris ea proident enim deserunt adipiscing incididunt quis. Anim eu in reprehenderit non elit.;Id anim laboris dolor. Sed esse non irure ex adipiscing quis. Fugiat nulla dolore officia cupidatat deserunt labore nostrud.;f3k@QqWxVe.com;+36601001670;0;8
205;Szeti;2021-12-4 13:28:10;0;0;0;0;kan;20;33;3;kutya;Angol pointer;allatkepek/205.jpg;Est non sint consectetur. Eiusmod lorem pariatur eu nisi magna, ullamco ad enim aute.;Irure ut cillum voluptate eu esse dolor. Occaecat aliqua dolor et duis sit non laboris consectetur culpa. Velit ex duis est aliquip sint sunt, nisi dolor nisi ullamco non velit.;fn4zOzVyX@qaiWS.com;+3650650042;0;2
206;Magnipuss;2020-10-1 14:16:6;0;0;1;1;kan;16;50;3;kutya;Pont-Audemer-i spániel;allatkepek/171.jpg;Sed in voluptate ad culpa dolor incididunt anim nisi. Fugiat ex irure ad deserunt do id aliquip, veniam aliquip lorem ipsum incididunt commodo.;Magna sit non veniam ea deserunt do excepteur. Ad fugiat esse mollit incididunt laborum sint occaecat. Esse laborum laboris officia commodo adipiscing elit aliqua duis eu.;rHcaw@DQQkzKxH.com;+36505577593;0;2
207;Adonisz;2022-2-2 20:7:36;0;0;0;0;kan;19;39;3;macska;barna cirmos perzsa;allatkepek/40.jpg;Consequat ut pariatur cillum est nisi ut ex. Officia eu do proident laboris do labore aute labore, pariatur veniam ullamco deserunt quis magna consectetur ad.;Sunt aute sint laborum, laboris sit eu nisi sunt officia est qui, dolor cillum duis anim aliquip nulla fugiat ad do. Nostrud in voluptate nisi ullamco aliqua officia velit deserunt. Exercitation lorem fugiat amet ullamco culpa do reprehenderit minim, excepteur proident proident velit veniam laboris occaecat adipiscing exercitation dolore.;NbnFQntuA@cMxmdos.com;+36508518140;0;2
208;Bohém;2023-12-6 13:18:22;1;0;0;1;szuka;14;45;4;kutya;Castro Laboreiro-i pásztorkutya;allatkepek/177.jpg;Mollit in fugiat cupidatat proident enim cupidatat sunt id, qui commodo dolor laboris veniam aliquip aliqua enim voluptate elit, occaecat amet nulla ullamco deserunt laborum sint laboris. Veniam magna excepteur ut duis labore.;Pariatur cupidatat voluptate velit labore commodo, id do sed id ad veniam exercitation. Dolore ex aliqua proident. Reprehenderit amet aliquip sit in ex laborum, incididunt commodo do fugiat.;eyJ@uedh3dFaFW.com;+36405494078;0;2
209;Sámson;2020-3-8 20:52:40;1;0;1;0;kan;17;21;4;kutya;Német fürjészeb;allatkepek/265.jpg;Consequat occaecat culpa dolor veniam. Fugiat culpa eiusmod et sunt.;Officia ut enim mollit reprehenderit. Elit lorem nisi et ex ea et reprehenderit. Ea sint minim qui ad.;Eez96gon47@3Pw.com;+36404685341;0;3
210;Sonny;2022-5-1 20:35:53;1;0;0;0;szuka;11;8;2;kutya;Drótszőrű isztriai kopó;allatkepek/149.jpg;Non aute est deserunt, eu ut pariatur et ullamco do id exercitation do cillum. Cillum ad tempor nisi irure consequat.;Cupidatat eiusmod cupidatat mollit magna irure ad ex elit dolore, incididunt exercitation eiusmod consectetur nulla culpa amet. Sit velit qui laboris. Ea tempor excepteur reprehenderit ut enim, in id dolore commodo, elit amet labore consectetur proident.;dYj@kDclHcdi.com;+3660243455;0;8
