1;Kefir;2021-12-17 4:18:0;0;0;0;0;kan;19;14;4;macska;Drótszőrű foxterrier;kutyakepek/310.jpg;Officia lorem sit sed do nostrud mollit aliqua. Duis reprehenderit commodo fugiat adipiscing, eiusmod nisi est exercitation aute deserunt tempor.;Culpa eu sunt sed. Et anim ullamco qui officia sunt dolore non laboris, minim elit duis esse. Excepteur reprehenderit laborum magna laborum sint occaecat aliqua.;8mLZhg4@nXVUOnkBaV.com;+36607397722;0;2
2;Szultán;2020-11-7 18:53:3;0;0;0;0;kan;6;21;1;papagáj;Thai ridgeback;kutyakepek/17.jpg;Reprehenderit dolore id sit enim nostrud, excepteur ullamco laboris ex enim dolor elit ut. Elit tempor nulla pariatur consequat duis culpa ad.;Officia veniam consectetur consectetur nisi voluptate duis et proident elit. Dolore incididunt ut velit reprehenderit id. Mollit quis magna ad et anim et laboris.;hacKPiEdy@vqrMkblr.com;+36308377665;0;4
3;Gerry;2023-8-4 20:46:53;1;0;0;0;szuka;3;17;4;kutya;Gordon szetter;kutyakepek/6.jpg;In pariatur sint id anim nisi officia commodo. Culpa consectetur aliquip deserunt cillum consectetur dolor enim.;Qui aliquip nostrud non cupidatat deserunt nisi lorem. Id sint et adipiscing esse ad occaecat sit sed velit. In consectetur ut culpa proident dolore elit est consequat sit.;vwD@ovio.com;+36602055656;0;4
4;Plutó;2023-12-1 18:1:51;1;0;0;1;szuka;20;42;3;kutya;Brazil masztiff;kutyakepek/404.jpg;Proident velit irure enim et laborum laboris anim, cupidatat labore consectetur irure ut voluptate nisi nostrud. Enim non dolore reprehenderit in, deserunt consequat veniam nisi sint esse veniam, exercitation cupidatat aliquip ad do eu cillum sint.;Eu dolore enim consequat consectetur quis. Ea esse aute laborum ut laborum dolore ullamco. Aliquip do ipsum esse tempor.;5BL@aijrc0R.com;+36505189235;0;7
5;Lewis;2023-1-2 6:56:7;0;0;1;1;szuka;12;12;1;hörcsög;Bullmasztiff;kutyakepek/130.jpg;Ea sit veniam sunt ipsum cupidatat do nisi aute. Quis ut amet deserunt nostrud, esse et magna laborum officia tempor commodo laborum ut.;Adipiscing proident consequat excepteur adipiscing occaecat laboris magna, ad sunt mollit minim elit deserunt consequat. Irure duis mollit est sed nisi. Laborum enim cillum aliqua officia laborum occaecat.;iUhUDX@z0EU.com;+36309614332;0;8
6;Igric;2022-9-16 2:7:50;1;0;1;1;szuka;10;17;4;egér;Hortaye Borzaya (Chortaj);kutyakepek/348.jpg;Ipsum lorem tempor veniam consectetur adipiscing tempor consequat voluptate, qui cupidatat esse aliqua proident fugiat, incididunt proident aliquip reprehenderit voluptate. Dolor dolor id qui enim est pariatur cupidatat sit, et mollit fugiat labore dolore est elit duis laborum nisi, eu irure ut excepteur ipsum ullamco nostrud.;Sint nisi fugiat quis commodo elit anim tempor. Incididunt laboris laboris ut do aliquip aute non nisi et. Velit minim quis fugiat.;mTkOmmIN@MduX.com;+36303003327;0;2
7;Frida;2022-7-11 0:3:49;1;0;0;1;szuka;7;1;2;macska;Welsh springer spániel;kutyakepek/10.jpg;Laborum proident voluptate ipsum non lorem commodo laboris incididunt. Ut deserunt et cupidatat.;Tempor est ex ex sunt commodo reprehenderit. Aliquip est officia sunt quis, labore nisi laboris aliqua cillum laborum dolore cillum occaecat magna. Velit in nisi irure.;qRlb@6zphJQA.com;+36404437128;0;1
8;Napóleon;2021-10-11 24:54:24;0;0;1;1;szuka;15;19;4;egér;Lengyel alföldi juhászkutya;kutyakepek/429.jpg;Culpa ipsum velit est consectetur occaecat cillum elit adipiscing sint. Lorem esse elit cupidatat nostrud laborum aute veniam ad do, dolor mollit ex sunt in ullamco.;In dolore velit labore do esse. Eu cupidatat lorem pariatur reprehenderit ipsum deserunt magna, excepteur pariatur anim minim enim, nostrud qui laborum anim aliquip do cillum fugiat tempor. Est eu nostrud cillum laboris id sed.;DDntwpDVE@bcbqxGD.com;+36505017873;0;4
9;Lehár;2020-8-13 10:23:51;0;0;1;0;szuka;11;12;3;macska;Havannai pincs;kutyakepek/1.jpg;Aliquip eiusmod aliquip ad adipiscing nulla nostrud occaecat cupidatat. Sed ut ullamco minim culpa in, lorem duis et velit non ullamco tempor.;Est commodo labore nisi laborum ad aute qui reprehenderit, ea laborum esse eiusmod occaecat voluptate. Eu deserunt pariatur excepteur adipiscing dolore non sed officia. Nostrud fugiat id adipiscing et.;3SP@dIQOkOk8.com;+36308238656;0;7
10;Leó;2020-5-28 0:42:27;0;0;0;0;kan;8;8;1;papagáj;Angol cocker spániel;kutyakepek/99.jpg;Voluptate non qui consectetur tempor eiusmod exercitation. Officia ullamco proident pariatur voluptate proident aute adipiscing do.;Aliqua duis elit mollit nulla consequat aute ipsum. Dolor commodo dolore ex in minim anim magna, elit pariatur excepteur cupidatat ea ipsum deserunt lorem. Commodo in dolore amet ex reprehenderit.;hVifeum9Pw@4EYNB86.com;+366061238;0;4
11;Viti;2021-5-20 8:51:25;1;0;1;0;szuka;17;7;4;hörcsög;Lajka;kutyakepek/454.jpg;Eiusmod sunt lorem est duis non. Cillum in lorem ullamco enim irure nulla, magna pariatur aliquip ut laborum nostrud labore duis culpa, elit consequat tempor sint incididunt proident officia.;Pariatur consequat adipiscing ex ea minim commodo. Consequat minim fugiat ipsum eiusmod laborum exercitation adipiscing aliqua. Culpa fugiat labore nisi elit magna sint nulla duis.;vxt@EvwQqavBoZ.com;+36309635576;0;2
12;Zola;2021-4-13 5:24:36;0;0;0;0;kan;11;27;2;papagáj;Skye terrier;kutyakepek/125.jpg;Amet veniam commodo incididunt cupidatat, sed et quis sunt in magna veniam. Proident dolor lorem proident dolore fugiat non lorem irure.;Non nisi qui anim quis sed aute aute amet cillum. Reprehenderit dolor dolor aliquip incididunt velit duis. Consequat nulla commodo irure magna minim.;VJX@0XSa.com;+36407161619;0;4
13;Kleó;2020-7-22 4:20:16;0;0;1;1;szuka;12;31;1;egér;Bullmasztiff;kutyakepek/192.jpg;Reprehenderit pariatur esse eiusmod. Reprehenderit sint proident esse ea proident ipsum consequat.;Do ex id cillum voluptate. Eiusmod laborum reprehenderit minim quis. Veniam nulla aute nostrud.;1ImVb@efOL.com;+36408763654;0;1
14;Nessy;2020-3-18 18:58:35;1;0;0;1;kan;9;1;2;macska;Drótszőrű portugál kopó;kutyakepek/197.jpg;Eu in proident in officia incididunt proident id quis. Officia et nostrud cupidatat cillum magna elit est, anim reprehenderit ut do amet minim.;Excepteur elit qui veniam officia amet, consequat anim aliquip deserunt, quis nostrud et elit voluptate fugiat est elit. Nisi fugiat quis non sint in sit, ex est eu adipiscing ullamco lorem ullamco pariatur, mollit ipsum proident incididunt nostrud ad do incididunt qui. Minim aliqua irure ex exercitation sed nisi pariatur, ea aliquip et cillum id non, consequat ex qui nulla dolore labore.;LhIc5@aU4Tr.com;+36405141636;0;3
15;Plutó;2020-1-27 23:56:15;0;0;0;0;szuka;16;21;4;hörcsög;Drótszőrű foxterrier;kutyakepek/484.jpg;Eiusmod irure culpa ullamco pariatur sint incididunt in. Fugiat et labore laborum proident sunt laboris do occaecat, aliquip quis esse irure amet consectetur in duis.;Consectetur ex exercitation ut culpa minim laborum est enim labore. Proident cillum irure occaecat sunt et ea amet, ea aliqua dolor sit aliquip occaecat. Esse lorem adipiscing laboris culpa esse do veniam quis veniam.;0SlkkElUO@89Kk5.com;+3640146719;0;2
16;Rejtély;2021-6-26 14:24:26;1;0;0;0;kan;10;36;2;macska;Bernáthegyi;kutyakepek/259.jpg;Tempor enim mollit ullamco exercitation deserunt duis elit, velit exercitation anim in cupidatat quis adipiscing. Sint reprehenderit amet occaecat ipsum officia laborum eu labore, et commodo amet laboris, commodo aliqua veniam ullamco occaecat nisi aliquip.;Ea qui deserunt ad velit aute lorem nostrud proident. Aute irure nulla pariatur exercitation elit. Minim enim nisi officia culpa fugiat culpa duis velit lorem.;JtyKEcrXin@ivYVa.com;+36609261699;0;3
17;Vanília;2020-3-9 6:38:20;0;0;0;1;kan;18;47;1;kutya;Sibaken;kutyakepek/192.jpg;Cillum excepteur duis ipsum labore magna. Amet ut mollit laborum ea cupidatat dolor magna nulla aliquip.;Deserunt sunt duis laborum ex voluptate incididunt nostrud, dolore magna consequat minim sit esse nulla aute. Cillum aute dolor laborum minim ex ipsum. Pariatur velit excepteur ipsum dolor nisi veniam incididunt nulla dolore, excepteur aliquip sed proident velit et ullamco.;Og63A6Fm@1cE65vwW.com;+36602494086;0;8
18;Ofélia;2023-6-3 15:28:56;1;0;0;0;kan;9;32;1;kutya;Beagle harrier;kutyakepek/462.jpg;Cillum excepteur velit esse ea dolor aute pariatur, proident nulla minim sunt dolor aliquip cillum non. Ex elit amet labore magna nostrud adipiscing ad exercitation, pariatur ad sunt sit et quis eiusmod in.;Sed elit tempor nulla velit ex incididunt. Non laboris velit cupidatat sit, quis nostrud dolor lorem exercitation dolore aute nulla aliquip labore, ea proident enim do aliqua. Magna sunt ad laborum.;YUVMnX@zcfKhocPsi.com;+36301049700;0;1
19;Nelson;2023-11-15 24:20:12;1;0;1;1;kan;8;18;2;macska;Chinook;kutyakepek/280.jpg;Cillum tempor sed quis exercitation, amet reprehenderit proident dolore est non nisi id, sunt et aute anim. Culpa excepteur irure eiusmod est lorem in ea do.;Sunt commodo occaecat lorem adipiscing cillum magna ullamco officia velit. Occaecat culpa duis laboris deserunt, aliquip aute ut proident minim qui esse in irure. Duis consequat esse labore incididunt adipiscing consectetur.;Y0idLz@6OFg.com;+36502137081;0;1
20;Kai;2022-11-23 18:59:58;0;0;0;1;kan;15;30;3;papagáj;Amerikai rókakopó;kutyakepek/78.jpg;Eiusmod commodo lorem consequat. Incididunt fugiat consectetur aliqua sunt ad laboris deserunt dolor.;Cillum exercitation irure deserunt quis ut dolore anim nostrud cillum. Adipiscing lorem non qui eu irure, eu sunt mollit tempor sit commodo. Culpa lorem laborum ea.;MhGlQv@ZAg9phV.com;+36409999567;0;8
21;Jet;2023-6-19 1:27:49;1;0;0;0;kan;15;20;1;papagáj;Brabançon;kutyakepek/1.jpg;Officia voluptate sed elit ad enim minim occaecat deserunt amet, veniam anim non ipsum amet. Do aliquip consectetur esse consectetur.;Voluptate laborum id cupidatat exercitation velit dolor ut anim exercitation. Veniam laborum do consectetur aliquip veniam cupidatat, adipiscing esse nisi magna lorem adipiscing. Duis culpa ex nisi ipsum do aute esse tempor occaecat.;cuyFEfHhv@kRprxG4m.com;+36603382285;0;4
22;Rolf;2023-7-13 12:27:41;0;0;1;1;szuka;13;20;3;kutya;Bandog;kutyakepek/265.jpg;Exercitation culpa anim aute id et ad, reprehenderit ea aliquip aliqua ea laboris aliqua cillum consequat nisi. Nulla do ullamco mollit.;Deserunt dolor occaecat consectetur dolore laboris cupidatat, id eu officia dolore. Exercitation reprehenderit occaecat ex dolor. Cupidatat consectetur laboris officia non lorem do.;4Prois7nH@QUuk2vbQ.com;+36605604692;0;2
23;Pandúr;2023-9-28 19:22:25;1;0;1;1;szuka;8;30;3;hörcsög;Luzerni kopó;kutyakepek/238.jpg;Officia do ea culpa reprehenderit aliqua sunt laboris. Non tempor id aliqua commodo irure elit id excepteur.;Incididunt deserunt fugiat consectetur eiusmod id dolor aute enim sint. Ad ex velit laborum sint. Est nulla reprehenderit duis pariatur do adipiscing pariatur id.;LeuXMms@llj1Ga96c.com;+36403374940;0;3
24;Lewis;2020-10-20 4:44:58;1;0;1;1;szuka;12;20;4;macska;Francia spániel;kutyakepek/127.jpg;Ad labore do laborum ad sed, deserunt irure mollit amet dolor officia aute incididunt ea tempor, cupidatat exercitation est eiusmod voluptate ipsum. Fugiat qui enim esse cillum ex proident, exercitation nostrud nostrud eu laborum sit aute reprehenderit.;Voluptate consequat amet pariatur sint sed pariatur aliqua veniam, consectetur commodo adipiscing ex nostrud laboris mollit. Do eiusmod exercitation reprehenderit in esse dolore dolor ipsum velit. Qui proident do sint eiusmod amet sunt.;gDM@YS8M.com;+36508106380;0;1
25;Csibész;2022-6-1 2:42:45;0;0;1;1;szuka;4;48;4;kutya;Malinois;kutyakepek/464.jpg;Consequat dolor sed excepteur laborum anim do. Labore enim aute lorem esse.;Pariatur deserunt laborum aliquip eu. Cillum tempor aute culpa et. Officia veniam nulla adipiscing magna culpa nostrud in.;BoD14t@zl5kWuTM2n.com;+36508837508;0;1
26;Scott;2020-8-5 10:54:35;0;0;0;1;kan;18;44;4;hörcsög;Patterdale terrier;kutyakepek/468.jpg;Deserunt esse cillum ut fugiat aliqua eu. Ullamco sit deserunt id lorem magna fugiat anim mollit.;Est ad nostrud laboris et excepteur adipiscing, magna dolore dolore voluptate labore deserunt. Culpa fugiat lorem elit, aliqua reprehenderit irure amet ad aliquip ea velit, esse et sed pariatur. Labore sit eu quis pariatur dolor.;oncpUdVjfX@d9FZk.com;+36504588540;0;3
27;Cézár;2020-2-10 19:38:56;0;0;0;0;kan;14;2;2;egér;Soft coated wheaten terrier;kutyakepek/505.jpg;Aliquip irure aute consequat. Excepteur officia sed qui, voluptate proident fugiat eiusmod aliqua consequat occaecat ad ad cillum, laboris elit est enim pariatur cillum deserunt ullamco esse.;Fugiat id commodo ex consequat cillum elit proident lorem ea. Irure voluptate exercitation sunt culpa deserunt. Eu laboris ullamco labore sit enim proident nulla, ut consectetur dolor in fugiat.;D3nn@l2AaWxcV7.com;+3660615581;0;4
28;Rénó;2021-11-9 22:12:49;0;0;0;0;kan;7;16;1;egér;Lakeland terrier;kutyakepek/317.jpg;Excepteur id fugiat minim eiusmod occaecat, nostrud aliquip voluptate qui nulla ea adipiscing cupidatat eu. Sunt exercitation laboris cupidatat sit, aute consectetur culpa proident.;Officia ex et magna tempor aute aliqua proident. Id sed fugiat veniam sit eu reprehenderit nisi, cupidatat est quis deserunt, exercitation aliquip nostrud in ullamco dolor amet. Aliquip dolor elit nostrud lorem minim et.;279484rRC0@PrxjfI.com;+36606932084;0;2
29;Szultán;2020-8-3 7:29:18;0;0;1;1;kan;4;43;4;egér;Holland juhászkutya;kutyakepek/442.jpg;Commodo anim officia et. Sit sunt eiusmod aute nostrud do.;Sed proident mollit ut qui ad adipiscing aute, officia elit anim nisi eiusmod laborum. Officia do eu do esse officia nisi culpa consectetur. Magna veniam consequat quis.;HIQGwfYDIg@hR8tKGU.com;+36402755371;0;2
30;Teo;2020-1-3 8:54:18;0;0;1;1;szuka;15;48;4;papagáj;Délorosz juhászkutya;kutyakepek/497.jpg;Quis mollit enim cillum consequat reprehenderit id nisi fugiat amet. Non fugiat minim duis mollit ut reprehenderit sed.;Nulla officia ipsum dolore nisi nostrud id quis in sed, est laborum duis incididunt ex sint officia veniam. Laborum duis sit quis. Elit id in labore excepteur sunt.;FfNpnWJY@xDsi.com;+36603913860;0;2
31;Nina;2023-12-11 15:54:52;1;0;1;1;kan;15;1;1;egér;Óriás schnauzer;kutyakepek/276.jpg;Nulla voluptate irure non amet cupidatat nisi ea. Esse consectetur culpa do, irure eu amet quis occaecat eiusmod.;Anim laborum ad in do adipiscing minim lorem deserunt. Ullamco dolore sunt magna velit sit excepteur. Excepteur tempor cupidatat quis ipsum, est irure sint ullamco ad nulla.;W4ThyOZD@2F7nZe6O.com;+36609082855;0;1
32;Polli;2020-8-18 11:57:34;1;0;1;0;szuka;7;24;4;egér;Félhosszúszőrű pireneusi juhászkutya;kutyakepek/353.jpg;Cupidatat consequat elit aliqua culpa sed irure qui ipsum. Mollit ex minim non mollit nostrud nisi.;Esse veniam ipsum consectetur commodo ut fugiat velit, in excepteur aliquip nostrud. Nostrud consequat aute officia qui, deserunt veniam non est dolore tempor pariatur exercitation aliqua. Labore amet eu laborum nostrud esse sint aliqua anim.;gNOfy@MVDYwQ.com;+36301505255;0;2
33;Pénzecske;2021-8-19 6:14:10;0;0;0;1;kan;18;32;3;egér;Black mouth cur;kutyakepek/164.jpg;Ea aute et fugiat, minim veniam consectetur do excepteur quis consequat adipiscing voluptate. Lorem do irure est sunt ipsum pariatur non.;Sit labore aute adipiscing. Ad veniam pariatur reprehenderit magna proident officia proident voluptate, incididunt anim dolor nostrud irure nisi irure consectetur. Ut cupidatat deserunt tempor culpa amet, fugiat magna esse in ea est dolore minim fugiat qui.;pKA@9Cy.com;+36605522386;0;2
34;Okonor;2021-5-18 20:15:20;0;0;0;0;szuka;4;39;4;papagáj;Simaszőrű portugál kopó;kutyakepek/45.jpg;Tempor ipsum minim proident aliquip anim eiusmod ullamco eu esse. Magna excepteur fugiat sint exercitation dolore, elit aute veniam elit fugiat incididunt officia lorem nulla.;Sint pariatur officia minim eu mollit officia consectetur consequat. Deserunt culpa do dolore sed, commodo labore ea ipsum. Pariatur sit eiusmod labore voluptate nisi commodo laboris commodo ex.;oceA@9BlGd1w4rk.com;+36502421014;0;4
35;Tekergő;2022-8-8 2:59:25;1;0;1;1;kan;19;30;3;egér;Kis jurai kopó;kutyakepek/247.jpg;Excepteur ipsum officia deserunt anim qui, ex laboris adipiscing labore fugiat occaecat magna. Lorem duis elit voluptate qui cupidatat exercitation aute, velit amet incididunt culpa proident adipiscing ea ut.;Deserunt qui eiusmod consequat ea id tempor sed eu do. Consectetur dolore dolor aliqua nostrud. Id aliqua non ullamco ea nisi esse labore et.;GLJS@StMP1qS.com;+3660628382;0;3
36;Ballu;2021-11-7 21:30:24;0;0;0;1;kan;20;39;3;papagáj;Angol cocker spániel;kutyakepek/326.jpg;Reprehenderit consequat aliquip occaecat laborum eu tempor sit. Sunt cupidatat elit magna in nulla anim tempor cillum, laboris pariatur ipsum exercitation sint deserunt, sed irure velit ut excepteur reprehenderit nostrud nulla sed adipiscing.;Amet cupidatat amet mollit anim ipsum laborum duis. Minim fugiat pariatur nulla. Ea non ex exercitation nostrud, culpa est dolor sint cupidatat.;Ekzi2@QF878.com;+36608277398;0;4
37;Zizi;2021-12-10 23:52:24;0;0;1;0;kan;10;8;3;papagáj;Cseh juhászkutya;kutyakepek/18.jpg;Officia duis nostrud sed aliqua consectetur do enim sed. Amet dolore magna cupidatat consequat irure.;Aute ullamco id elit cupidatat irure voluptate. Anim officia fugiat ex nisi. Aliquip reprehenderit proident nostrud deserunt.;qvmYMK@85hFhS.com;+36408992817;0;1
38;Maggie;2021-12-2 4:58:21;0;0;0;1;szuka;16;9;1;papagáj;Tervueren;kutyakepek/324.jpg;Laborum est amet occaecat. Pariatur sit aliquip dolore tempor esse ea.;Commodo dolore ex ea nostrud deserunt, incididunt deserunt veniam aliquip esse. Eiusmod ut ex sunt labore esse officia, officia sit adipiscing id ea sint sit commodo cillum velit. Non sunt reprehenderit amet incididunt voluptate irure magna consequat, nisi ad exercitation est anim fugiat.;GULkNr@EGO.com;+36607449713;0;2
39;FuFu;2021-10-23 22:35:17;1;0;0;1;kan;11;25;3;egér;Bukovinai pásztorkutya;kutyakepek/419.jpg;Excepteur officia qui eiusmod. Cupidatat voluptate fugiat dolore voluptate officia quis velit ullamco duis.;Deserunt proident elit velit commodo dolore ex nostrud. Sed laborum commodo laboris laborum ex sunt. In laborum do minim proident, pariatur amet amet aute quis ea voluptate adipiscing in excepteur, culpa minim culpa ad aute eu.;SvkAsS9@KDT.com;+36508902434;0;3
40;Edith;2023-8-16 18:11:41;1;0;0;0;szuka;5;26;1;macska;Angol juhászkutya;kutyakepek/383.jpg;Id culpa ea veniam, qui ullamco laboris ad exercitation est cillum non. Magna culpa sed labore fugiat occaecat.;Magna cillum labore culpa, elit pariatur consectetur ipsum eiusmod sit anim labore voluptate, velit ex proident ullamco elit nisi sed sunt lorem. Sit aute cupidatat irure sit. Duis ad reprehenderit reprehenderit minim incididunt, esse occaecat nostrud ipsum do qui consequat ea reprehenderit non.;ImJhsS@O33ukyRW6l.com;+36502257838;0;3
41;Gerry;2020-10-1 4:56:41;0;0;0;1;kan;20;9;2;kutya;Nagy svájci havasi kutya;kutyakepek/409.jpg;Incididunt exercitation excepteur et voluptate duis eu incididunt excepteur dolor, do elit laborum ad. Proident nostrud id eiusmod sed ut nisi irure non.;In lorem amet culpa. Deserunt in veniam proident nulla sunt id, reprehenderit mollit esse ad nisi. Dolore cupidatat ipsum exercitation minim magna anim enim consectetur adipiscing, sint in ipsum culpa eu reprehenderit ex.;hU0zt@azk.com;+36407853267;0;2
42;Killer;2021-8-5 18:41:35;1;0;1;0;szuka;2;34;4;egér;Estrelai hegyikutya;kutyakepek/382.jpg;Qui veniam excepteur tempor adipiscing consectetur ex. Culpa anim sit laborum fugiat nostrud ullamco cupidatat duis quis.;Adipiscing lorem nisi occaecat dolor. Velit incididunt sint dolor dolore sint laborum excepteur elit. Ullamco mollit occaecat et enim laboris sunt ut aute.;My5O@PoY.com;+36303775828;0;2
43;Pongó;2020-1-22 8:55:0;0;0;0;1;kan;19;3;2;papagáj;Drótszőrű griffon;kutyakepek/107.jpg;Sint tempor velit aute irure officia deserunt dolor adipiscing, sed duis elit sunt laboris officia est qui consectetur consequat. Ullamco ad veniam ut.;Consectetur quis consectetur aliqua id. Quis ullamco proident eu nulla in. Sunt eiusmod commodo ullamco et aliqua laboris ex.;7PgxNGH@2pqj2V.com;+36401200294;0;7
44;Fifi;2020-9-1 19:43:43;0;0;0;1;szuka;6;33;4;papagáj;Japán csin;kutyakepek/399.jpg;In tempor occaecat qui fugiat ad laborum lorem. Aliqua irure ea consectetur dolor, anim culpa elit laboris.;Lorem velit laborum anim tempor officia non in sint, sit irure nisi duis sed consectetur et proident do, qui consectetur quis tempor dolore pariatur. Est commodo deserunt laboris lorem consectetur occaecat consequat do eiusmod. Eiusmod cillum nulla reprehenderit irure consequat ea ea.;yHA@DVC73.com;+36609391011;0;2
45;Suhanc;2020-6-19 1:1:0;1;0;1;0;kan;5;44;2;egér;Rajapalayam;kutyakepek/187.jpg;Dolore nisi do eu laboris. Ut adipiscing amet laborum cupidatat consequat ad exercitation qui.;Nostrud occaecat sed consectetur mollit nisi amet. Consequat duis exercitation fugiat velit veniam occaecat, sint proident aliquip aute enim. Duis ullamco aliqua est minim, exercitation veniam sunt qui labore reprehenderit irure anim nisi.;iREEBi5Q@3Lha5s.com;+36308389135;0;7
46;Mambó;2023-5-27 0:49:18;1;0;0;0;kan;4;30;4;hörcsög;Hamilton-kopó;kutyakepek/40.jpg;Sint sed cupidatat dolor ullamco consectetur elit, consequat eu aute laboris veniam non aliquip aliquip. Amet consequat ex sed voluptate mollit.;Reprehenderit reprehenderit officia proident consectetur laborum ea mollit in qui. Id irure non ea incididunt. Aliquip aliqua sed laboris laborum sint aute culpa ad fugiat.;doZqAmiYHB@WbAV.com;+3630124039;0;7
47;Jonathan;2022-5-28 22:17:17;1;0;1;0;kan;13;3;3;kutya;Középspitz;kutyakepek/75.jpg;Do deserunt ullamco dolor eu et reprehenderit laboris amet consequat. Sunt nisi labore labore consectetur commodo aliquip nulla.;Nostrud adipiscing anim amet voluptate. Nulla laborum sint esse aliquip sint fugiat ad ipsum. Deserunt voluptate nulla veniam est et eu incididunt anim.;N0uVx9IQi@3JakybMp6.com;+3630963105;0;8
48;Rómeó;2021-5-15 14:21:37;0;0;0;0;kan;5;16;3;papagáj;Kai ken;kutyakepek/235.jpg;Culpa nostrud ea reprehenderit est officia exercitation occaecat officia proident. Ea voluptate labore velit qui incididunt ex enim.;Ipsum eiusmod reprehenderit est aliqua sit sint fugiat. Ad mollit velit veniam, nulla anim dolor minim cupidatat. Aliqua esse esse quis consectetur ut cupidatat id, qui aliquip nostrud commodo ipsum magna nisi minim excepteur, veniam velit eu eiusmod aliquip qui.;I4ffX@BtbJgWcU.com;+36308008731;0;7
49;Cézár;2023-3-23 15:28:47;0;0;1;0;kan;4;42;2;kutya;Amerikai akita inu;kutyakepek/77.jpg;Mollit culpa deserunt fugiat proident. Sint sit minim dolor sed voluptate, est enim aliqua mollit proident esse.;Commodo proident ipsum aliquip officia ullamco et tempor, magna aliquip pariatur esse nostrud ut eiusmod. Mollit nostrud dolor fugiat laboris ea culpa. Do cillum ex dolor, non ipsum exercitation eu cillum mollit exercitation anim laboris velit.;skUpu@PWRbH.com;+3660886878;0;4
50;Karesz;2021-2-24 17:24:39;1;0;0;0;szuka;18;46;1;macska;King Shepherd;kutyakepek/44.jpg;Aute mollit non aliquip do anim. Amet sunt ipsum fugiat consectetur exercitation nostrud minim pariatur, consequat quis cillum pariatur fugiat sit irure nisi labore non.;Eu id aliqua nisi do magna aliquip proident anim, esse ea tempor fugiat lorem, id velit lorem minim aute duis non officia culpa ut. Sed amet duis aliquip. Amet enim est ullamco sed.;ir4cNU@PGuQJS.com;+36409987282;0;4
51;Sámson;2023-1-21 11:6:29;0;0;0;1;szuka;8;6;1;egér;Sussexi spániel;kutyakepek/124.jpg;Culpa ut mollit non ut voluptate magna, incididunt cupidatat aute excepteur deserunt fugiat duis. Labore esse ullamco velit quis qui dolore adipiscing sunt ex.;Reprehenderit id elit mollit cupidatat ex pariatur ex. Et occaecat qui veniam reprehenderit amet ut enim. Commodo dolore consequat ipsum nulla nostrud cupidatat.;jLccR@CNn.com;+3640624781;0;3
52;Keiko;2022-7-27 17:27:4;1;0;1;1;kan;1;40;2;papagáj;Norvég lundehund;kutyakepek/390.jpg;Ea ipsum sit veniam ad cillum ex exercitation dolore in, amet laborum proident nostrud quis laborum veniam aliquip. Et adipiscing laboris dolor commodo fugiat reprehenderit incididunt.;Sed magna occaecat aliquip, veniam est dolore proident enim sit consequat incididunt in officia. Non eiusmod sed ex mollit enim irure dolor tempor. Exercitation esse sit pariatur esse irure.;Ebpo5sQeB@bsogDBI0Dv.com;+36605211273;0;4
53;Adonisz;2022-9-11 13:18:9;1;0;0;0;szuka;4;42;4;kutya;Angol agár;kutyakepek/235.jpg;Voluptate dolore eiusmod culpa ex deserunt elit officia anim. Est anim esse in, dolor ullamco incididunt irure quis labore ea amet fugiat culpa.;Incididunt veniam elit nulla dolor adipiscing commodo ad officia dolor. Sint id in labore sint sunt. Aute magna officia velit labore tempor officia exercitation, non ad eu mollit magna lorem, reprehenderit culpa enim duis aute ex.;8y7M@jhcvpJI.com;+36509052720;0;4
54;Ollé;2021-5-3 19:3:46;0;0;1;1;kan;19;13;2;kutya;Olasz kopó;kutyakepek/134.jpg;Aliquip laborum sed minim. Occaecat tempor sed commodo est commodo.;Labore tempor irure elit eiusmod officia minim lorem commodo, sed quis nostrud labore. Officia velit magna est dolore quis qui, esse non cillum incididunt amet voluptate. Laborum esse nulla enim est id commodo.;cscGc1NCv@ZrPXj.com;+36403052966;0;1
55;Ádáz;2021-7-9 14:35:11;1;0;1;0;kan;1;5;1;hörcsög;Dán-svéd őrkutya;kutyakepek/121.jpg;Culpa minim est deserunt eu occaecat culpa irure. Nulla do enim elit occaecat ex fugiat.;Mollit dolor magna ea ea incididunt sint voluptate. Dolore minim duis reprehenderit velit, sunt anim consequat nostrud nostrud cillum occaecat voluptate tempor, fugiat do id id in ipsum sint et minim. Qui exercitation sit aliqua eu, do ullamco adipiscing pariatur ad reprehenderit aliqua dolor enim.;VkcnUaU@MY64v4o.com;+36308322768;0;1
56;Hobbit;2022-3-27 5:37:53;0;0;1;1;szuka;16;13;4;egér;Bichon havanese;kutyakepek/122.jpg;Pariatur et consequat deserunt qui et. Excepteur ullamco fugiat occaecat, non amet magna culpa pariatur non.;Eu labore nostrud incididunt magna duis, deserunt ad sint dolor deserunt sunt amet. Dolor ex veniam id excepteur laboris sunt. Fugiat pariatur eu sit mollit dolor anim.;du8xjzf@4P1rVA0TNK.com;+36409849878;0;4
57;Ursula;2020-6-3 19:36:7;0;0;1;0;kan;11;33;3;egér;Német fürjészeb;kutyakepek/145.jpg;Et in deserunt mollit lorem ut amet tempor. Id eiusmod sunt excepteur voluptate.;Pariatur sint dolore incididunt ad lorem cupidatat exercitation consequat lorem, enim duis reprehenderit voluptate non sit. Mollit cillum excepteur commodo irure tempor aute, cupidatat est exercitation eu nisi. Pariatur deserunt enim aliquip ullamco sit eu.;ybanbhHpu@LnJ57.com;+36305652897;0;1
58;Zizi;2020-11-6 10:34:12;0;0;0;1;szuka;13;1;2;hörcsög;Új-guineai éneklő kutya;kutyakepek/353.jpg;Amet aliqua velit amet non. Do minim adipiscing in ex, qui aliquip veniam deserunt ipsum ipsum officia lorem officia.;Dolor ad consequat proident elit ea magna, elit mollit cupidatat velit excepteur duis anim aute ex minim. Officia reprehenderit qui fugiat. Labore veniam do mollit est nostrud sit.;vozSuhH3ob@JxS80.com;+36407165323;0;4
59;Behemót;2021-1-25 18:27:20;1;0;0;1;szuka;20;40;2;hörcsög;Bretagne-i cserszínű griffon;kutyakepek/102.jpg;Quis ullamco quis exercitation irure. Duis in incididunt dolore excepteur ad officia sed.;Proident fugiat consequat voluptate laborum, adipiscing laboris consectetur lorem velit irure pariatur. Incididunt magna excepteur elit, ullamco enim id aute reprehenderit est. Elit reprehenderit eiusmod eu aliqua id voluptate ullamco fugiat mollit.;xOoZ7@vEcx4kZj.com;+36407581544;0;3
60;Keksz;2021-9-22 6:30:53;0;0;0;0;kan;14;13;1;macska;Utonagan;kutyakepek/40.jpg;Laboris quis deserunt mollit proident non nulla ex. Aliqua ad aliqua irure est lorem pariatur, ea do elit aute sint.;Aliqua anim anim amet cupidatat aliquip eiusmod. Adipiscing excepteur lorem sunt. Sed et enim dolore sunt cupidatat eu pariatur adipiscing qui.;kQ1@WAO.com;+36504741872;0;2
61;Maggie;2020-11-8 8:46:47;1;0;1;0;szuka;14;44;2;kutya;Gordon szetter;kutyakepek/191.jpg;Nostrud id minim lorem sit labore aliqua exercitation, magna anim ut nulla labore voluptate occaecat et et cupidatat. Velit mollit qui nostrud.;Ex lorem consequat do excepteur qui minim magna minim pariatur. Ipsum dolore ad incididunt id id ex. Aute laborum irure est ea.;eUWLQAh@DnUou.com;+36505538829;0;2
62;Zeusz;2021-7-25 5:22:42;1;0;1;0;kan;7;43;2;papagáj;Norvég elghund;kutyakepek/444.jpg;Cillum dolor sed mollit tempor ut occaecat duis cillum, culpa laboris eiusmod tempor magna anim. Reprehenderit et nulla elit laborum consequat ullamco ipsum ipsum esse.;Lorem ex non sunt ullamco enim amet sint, excepteur esse sit ad ut commodo do quis, fugiat ipsum cupidatat nulla sunt do anim incididunt duis excepteur. Do minim culpa dolore est qui aute deserunt anim ipsum. Ullamco minim eu consequat laborum veniam proident elit nisi sit.;R4w3IE@j0Zmo14.com;+36506451285;0;3
63;Kleó;2020-2-23 23:31:53;1;0;0;0;szuka;16;28;4;egér;Norvég lundehund;kutyakepek/198.jpg;Labore excepteur consequat velit dolor ipsum do, consequat in reprehenderit laborum est labore amet voluptate qui sed, nostrud eu fugiat voluptate. Eiusmod minim consectetur anim dolore.;Reprehenderit incididunt veniam irure minim ea voluptate id, esse sunt excepteur duis ex, culpa duis id ullamco. Qui qui in aliquip dolore. Consequat aliquip enim ipsum tempor et laborum esse labore minim.;JLx1@a6IF.com;+36401460765;0;2
64;Zsüti;2020-5-14 20:3:15;0;0;1;0;szuka;1;41;4;egér;Amerikai vízispániel;kutyakepek/137.jpg;Id reprehenderit minim velit consequat commodo, ut voluptate duis aute ex dolore fugiat cupidatat qui. Officia enim deserunt anim tempor adipiscing.;Do cupidatat minim fugiat cillum. Ex in ad et mollit consequat elit. Amet ipsum laborum anim et adipiscing fugiat occaecat lorem sed, magna dolor pariatur quis.;jViB2@KVvWSsSavl.com;+36307028043;0;2
65;Bagira;2023-5-27 1:16:25;0;0;1;1;szuka;10;27;3;papagáj;Blue lacy;kutyakepek/76.jpg;Culpa excepteur nostrud est pariatur reprehenderit irure dolor. Ut eu do labore duis nostrud in sint.;Voluptate ea proident cillum ullamco dolore labore, et reprehenderit ut aute aliqua ad qui sunt dolore. Pariatur cupidatat officia sint. Officia dolore nulla enim laborum, tempor id fugiat in.;vxuKVmB@TMQ.com;+36406069562;0;1
66;Jupiter;2022-7-21 17:1:24;1;0;1;1;szuka;19;31;3;papagáj;Lhasa apso;kutyakepek/163.jpg;Enim consectetur exercitation occaecat incididunt eu labore consequat dolor id. Nisi pariatur ipsum dolore sed ea amet adipiscing id.;Culpa reprehenderit esse veniam, sit dolor commodo eiusmod et ullamco in. Officia ullamco consequat et ea exercitation ex deserunt, enim nisi eu tempor, sit ut laboris adipiscing ex. Labore dolor ipsum aliqua adipiscing tempor deserunt reprehenderit amet nisi.;cicRLri@kuqKGwyEMV.com;+36607625130;0;3
67;Rénó;2021-10-16 21:39:38;1;0;1;0;kan;19;9;1;egér;Amerikai Bulldog;kutyakepek/121.jpg;Incididunt nostrud in ullamco sint occaecat eu exercitation excepteur ut. Do deserunt lorem commodo sit.;Excepteur aliquip dolor sit eu exercitation. Adipiscing sint fugiat irure quis voluptate veniam officia reprehenderit esse, minim enim sunt nostrud laborum. Sit culpa officia labore proident enim quis.;H2R@o0uY0UM5O.com;+36503921247;0;3
68;Alfonz;2020-5-28 1:9:36;0;0;0;0;szuka;18;11;1;hörcsög;Dunker;kutyakepek/388.jpg;Laboris labore laboris reprehenderit aliquip veniam duis consequat, sunt deserunt ad minim pariatur enim ex excepteur ipsum, aliquip velit eiusmod ea eu tempor occaecat est occaecat officia. Nisi enim excepteur in, elit cillum voluptate consequat magna.;Sunt proident irure do minim. Voluptate id consequat deserunt. Pariatur adipiscing magna do, ipsum commodo culpa incididunt.;XcW3yT3@xwb92d.com;+36606961198;0;2
69;Lilla;2021-8-14 20:8:11;0;0;1;0;szuka;6;33;3;papagáj;Altdeutscher Hütehunde;kutyakepek/95.jpg;Quis qui exercitation tempor nulla cillum excepteur. Sit lorem laborum culpa.;Quis incididunt ea anim eiusmod voluptate, reprehenderit non exercitation do mollit et excepteur aliqua aute adipiscing. Minim nostrud cillum sunt ad tempor. Veniam cupidatat labore officia laborum sit nulla ad est velit, pariatur anim do magna exercitation sunt deserunt duis amet.;1XmzsUL@sw3Dy.com;+36301225610;0;4
70;Boomer;2022-12-19 21:0:59;1;0;0;0;szuka;4;44;4;kutya;Mopsz;kutyakepek/143.jpg;Consequat reprehenderit labore ipsum nulla qui pariatur. Tempor consectetur esse aliqua in sunt.;Non non veniam anim excepteur esse do pariatur officia, et ea aliqua lorem officia. Qui velit ea incididunt consequat. Anim sed aliquip ipsum.;SaGMf9Vc@9EBQNClKkJ.com;+36507760161;0;4
71;Mézeske;2022-10-18 8:50:53;1;0;1;0;szuka;13;4;1;kutya;Német dog;kutyakepek/104.jpg;Officia ad quis aute nostrud nostrud qui consequat velit aute. Commodo mollit amet laboris ullamco ullamco.;Pariatur aute labore aliqua eu et ipsum incididunt mollit ea. Velit enim consectetur proident anim non. Ex aliqua culpa occaecat ex dolore dolore ad, dolore do ad cillum laborum anim tempor quis sed ad.;lKQ@x4m.com;+36607392145;0;3
72;Vanília;2020-10-8 8:60:18;1;0;1;1;szuka;8;11;4;hörcsög;Német vizsla;kutyakepek/248.jpg;Labore qui eiusmod dolore officia deserunt occaecat laborum aliqua. Esse sed amet id anim sed est aute commodo reprehenderit.;Commodo amet ullamco est lorem laborum occaecat sit dolore laboris. Quis aliquip ut commodo incididunt, pariatur quis dolor nostrud nisi est ex enim. Ipsum mollit magna eiusmod velit deserunt eiusmod consequat, dolor laboris consectetur ad enim laboris enim proident, proident do esse qui cillum velit elit incididunt sit.;tX0IKzxqAB@FW7k4fL.com;+36308839339;0;7
73;Karcsi;2023-2-5 13:51:34;0;0;1;1;szuka;8;38;4;macska;Pikárdiai spániel;kutyakepek/310.jpg;Excepteur nostrud officia elit eu est veniam ea mollit, magna voluptate culpa consequat, est dolore do non veniam nulla id. Aute ex aliquip minim tempor adipiscing commodo.;Et enim voluptate cupidatat enim laboris ex et. Qui ad aute reprehenderit quis amet consectetur veniam exercitation. Excepteur reprehenderit culpa magna dolor, officia id culpa ad commodo esse proident sit in ea.;znhuoC3@ahD879.com;+36301236178;0;2
74;Edward;2020-1-1 13:55:28;0;0;1;0;szuka;8;19;1;hörcsög;Ír vízispániel;kutyakepek/371.jpg;Ad occaecat adipiscing laboris, laboris minim non in ut magna sint dolor aute pariatur, qui elit pariatur nostrud lorem excepteur. Ea minim quis deserunt.;Irure anim ut eu pariatur aliqua laborum nulla qui, lorem esse cupidatat nulla nostrud. Nostrud reprehenderit incididunt deserunt dolore. Fugiat pariatur ipsum ipsum dolore irure.;3Vi897T0@p5JdUa.com;+36307340635;0;1
75;Apolló;2021-9-2 23:42:60;1;0;0;0;szuka;6;45;4;hörcsög;Brabanti kis griffon;kutyakepek/467.jpg;Cupidatat nostrud velit aute ut aliqua reprehenderit. Sed non adipiscing magna proident elit.;Ad in aliqua amet do quis. Dolore anim voluptate enim proident deserunt mollit. Commodo occaecat dolor esse et laborum non.;Tyxrd99m3@bdrcF.com;+36508858357;0;3
76;Karcsi;2021-11-11 21:34:18;0;0;1;0;kan;18;3;4;egér;Német vadászterrier;kutyakepek/458.jpg;Ex dolore labore incididunt excepteur. Eu aliqua dolor nisi voluptate.;Pariatur do mollit dolore quis voluptate, fugiat nisi irure anim in non, consectetur aliqua dolor proident. Culpa consequat aliquip magna. Minim nulla nisi culpa velit fugiat labore, id ad velit irure enim et nulla sunt.;AOwix9SH@MXuFy.com;+36402965668;0;1
77;Plutó;2021-11-25 8:17:3;0;0;1;0;kan;5;30;1;egér;Svéd lapphund;kutyakepek/345.jpg;Non qui culpa laborum excepteur sunt id duis. Do dolor veniam proident dolore et reprehenderit ex.;Fugiat aute ad eu eu. Anim excepteur cillum esse dolore elit velit, aliqua anim officia ad sed cillum tempor anim consequat minim, dolor qui id do occaecat sed veniam eu nulla. Amet est commodo do laboris minim ipsum amet occaecat reprehenderit, aliqua est quis consectetur culpa sit ex.;bTQgB@BbYJUgeyF7.com;+36303016793;0;3
78;Mézeske;2021-11-13 15:19:24;1;0;0;0;szuka;11;43;3;macska;Belga vizsla;kutyakepek/303.jpg;Pariatur ex mollit ullamco occaecat, minim occaecat veniam eiusmod nostrud enim aute mollit eu est. Quis amet non sunt aliqua esse enim ipsum lorem.;Velit nisi sit aliquip. Voluptate labore aliqua cillum. Culpa do lorem sed proident in cillum non minim non.;cOWrP@8Lt.com;+36402834294;0;3
79;Bűvész;2023-12-21 24:52:20;0;0;1;0;szuka;7;49;3;papagáj;Pireneusi masztiff;kutyakepek/528.jpg;Tempor ipsum duis nostrud consequat incididunt. Adipiscing sed in non elit pariatur reprehenderit amet ipsum.;Voluptate occaecat officia deserunt ipsum. Nisi eiusmod cillum ullamco veniam aliquip incididunt minim aute. Duis commodo esse esse nulla cillum.;I4O@eMNRCET7.com;+36504662805;0;2
80;Zola;2022-7-13 23:60:26;1;0;0;0;szuka;15;19;3;kutya;Göndörszőrű retriever;kutyakepek/502.jpg;Ad amet eu veniam aliquip, commodo adipiscing irure qui reprehenderit laborum. Consequat anim laborum quis nostrud ea nulla cillum fugiat occaecat.;Esse nostrud veniam sint labore nisi non ut, ipsum est magna laboris enim. Do culpa incididunt sed sit. Id nulla laborum incididunt et labore labore irure veniam, irure mollit officia velit est laboris deserunt ullamco qui duis, voluptate ullamco eiusmod proident eu incididunt ea.;dJD2XH90@q4p.com;+36308598504;0;2
81;Melák;2021-5-17 5:2:32;1;0;1;1;kan;7;13;1;egér;Izlandi juhászkutya;kutyakepek/343.jpg;Aliqua laborum anim nostrud proident occaecat irure elit, aliqua lorem id enim cupidatat consequat sed, adipiscing quis incididunt esse duis. Ea nulla aliquip aliquip nostrud.;Aliqua consequat in excepteur fugiat magna nisi ipsum. Mollit eiusmod occaecat sint dolor sint laboris voluptate. Nulla in duis nisi nisi veniam.;LpT@DirMn.com;+36309833328;0;7
82;Lulu;2020-6-28 1:49:53;0;0;0;1;szuka;1;26;3;kutya;Hertha pointer;kutyakepek/109.jpg;Veniam nisi incididunt fugiat sed ad ipsum, non anim dolore tempor officia. Nisi amet eu ullamco deserunt exercitation occaecat pariatur cupidatat dolor.;Magna ex ipsum consectetur labore mollit. Qui mollit incididunt aliqua enim amet sunt exercitation consequat, aute nulla ut eiusmod enim occaecat elit proident. Amet velit irure culpa ea cillum.;ASwH@xohz.com;+36407754914;0;2
83;Úrfi;2022-4-23 15:30:39;1;0;1;1;szuka;5;30;1;macska;Szlovák kopó;kutyakepek/189.jpg;Non in sed sunt occaecat voluptate quis ullamco. Dolore excepteur excepteur aute in consectetur ad.;Minim voluptate amet sint eiusmod consequat pariatur. Pariatur tempor velit enim ex sunt cupidatat, tempor sunt proident incididunt officia ut sed quis deserunt, dolore nisi dolor commodo. Mollit duis ipsum voluptate lorem proident aliqua sint, ad consectetur officia dolore duis sit lorem ullamco.;8jC@lp2Lv74.com;+36409585062;0;3
84;Adél;2020-6-23 7:5:31;1;0;1;0;kan;17;4;3;egér;Kis luzerni kopó;kutyakepek/420.jpg;Eiusmod laboris non aute nostrud. Et qui laboris fugiat sint ex, consequat adipiscing elit sed labore fugiat.;Et labore id ut deserunt pariatur sit velit ad consequat. Velit dolore duis ex adipiscing eu, magna voluptate sint ullamco adipiscing anim fugiat, amet culpa nulla cillum sit. Amet laboris eiusmod est.;0V3U89KoZ@RorsS.com;+36502518616;0;1
85;Jasper;2020-12-17 9:2:30;1;0;0;1;kan;19;33;1;hörcsög;Fehér-cser francia kopó;kutyakepek/314.jpg;Amet sit velit non in. Ipsum ea pariatur cillum eiusmod.;Magna pariatur labore lorem deserunt consequat non aute cillum. Eiusmod mollit voluptate sed aliquip ullamco. Enim aliqua duis velit tempor duis id pariatur.;mdj@hMIn43Rz.com;+36503517653;0;1
86;Inez;2021-8-15 3:31:31;0;0;1;1;kan;14;29;3;egér;Dán-svéd őrkutya;kutyakepek/39.jpg;Mollit aute ea amet incididunt aliqua, quis ad ex mollit, ut non deserunt elit exercitation ullamco anim aute velit. Eu voluptate labore pariatur minim.;Ullamco duis id aliqua aliqua eu dolore tempor. Occaecat minim cupidatat elit mollit voluptate mollit consequat. Amet nisi ullamco eu consectetur irure occaecat labore.;R27B@BidQw.com;+36601986862;0;3
87;Lilla;2022-11-10 15:34:25;1;0;1;1;szuka;11;13;2;kutya;Cardigan welsh corgi;kutyakepek/171.jpg;Ex ad minim ad aliquip elit. Cupidatat mollit sit dolore eiusmod velit dolor commodo ut, in pariatur eu incididunt laborum non labore ea aute.;Cupidatat mollit nostrud ut. Culpa sed ad reprehenderit consectetur est labore nisi fugiat. Elit duis irure ipsum et, reprehenderit cillum laboris eiusmod laborum in.;fOCem@EU4Y.com;+36502125284;0;8
88;Pisze;2020-3-26 4:1:1;1;0;0;1;kan;10;11;3;macska;Alpesi tacskókopó;kutyakepek/456.jpg;Sed fugiat tempor irure pariatur eiusmod ut elit consectetur. Pariatur magna dolor minim et anim sint, sit aute cillum qui ullamco laboris nulla quis culpa.;Aliqua id excepteur dolor voluptate, est quis mollit eiusmod eiusmod laboris velit, incididunt exercitation nostrud occaecat duis in lorem tempor. Minim qui adipiscing occaecat cillum eu esse ipsum proident, et pariatur in irure. Sint nostrud culpa aliquip id officia, tempor anim exercitation sit occaecat aute nulla, exercitation aliquip laborum reprehenderit enim excepteur.;d8UbPAaQJe@YFY4O.com;+3660634755;0;3
89;Sonny;2020-7-8 9:43:31;1;0;1;0;szuka;1;2;3;egér;Ausztrál csonkafarkú pásztorkutya;kutyakepek/565.jpg;Sit sunt ea tempor quis amet deserunt ad dolore magna. Reprehenderit officia eiusmod ex sed ut lorem.;Aliqua laborum aliquip sed laborum ad pariatur laboris, cillum aute veniam ad do in pariatur anim sunt qui. Esse magna incididunt nulla culpa aliqua dolore. Eu ut ex velit dolor pariatur laboris amet tempor, veniam laborum commodo ea minim eiusmod sint in.;vCe@f65DczOo.com;+36507878015;0;4
90;Terry;2021-9-27 2:38:9;0;0;1;1;kan;14;34;3;papagáj;Pireneusi hegyikutya;kutyakepek/559.jpg;Dolor exercitation sint non fugiat consequat laborum anim ullamco. Quis adipiscing elit incididunt.;Mollit veniam laboris non laborum. Amet pariatur amet elit est. Labore officia proident aliquip ex consectetur dolor voluptate.;rcC6e@V4VKwk52.com;+36405234160;0;2
91;Karesz;2021-11-25 6:44:1;1;0;0;0;szuka;5;42;3;egér;Simaszőrű portugál kopó;kutyakepek/491.jpg;Proident ut minim voluptate anim. Esse dolor aute id exercitation ex occaecat consectetur aliquip, pariatur est qui reprehenderit culpa nisi consectetur sed non, excepteur duis officia amet anim id eiusmod velit qui sunt.;Cillum officia eu excepteur id consequat occaecat ad, sint veniam esse eu ut ullamco id, exercitation dolor voluptate ad. Lorem est enim incididunt fugiat magna aliquip laborum eiusmod sint. Ullamco elit culpa minim minim.;kCZ@3PLLQkpM7.com;+36505472081;0;1
92;Cadbury;2021-1-26 1:12:50;0;0;0;1;szuka;1;46;3;egér;Rövidszőrű skót juhászkutya;kutyakepek/212.jpg;Nisi amet labore id culpa do ullamco aute fugiat in, esse reprehenderit veniam nostrud consequat velit incididunt consectetur, sit nostrud aliqua dolor adipiscing et. Dolor minim ex anim veniam officia laborum.;Fugiat deserunt cupidatat do commodo enim magna ex anim magna, ullamco officia culpa dolor nisi ea non id proident. Irure in exercitation sunt duis, velit deserunt sit adipiscing, est veniam est amet ullamco culpa minim. Excepteur anim labore excepteur commodo lorem adipiscing, reprehenderit culpa cillum esse ut enim cillum.;wKlt@zXu.com;+36605193060;0;2
93;Gombi;2023-10-10 3:19:42;1;0;1;0;kan;5;32;3;macska;Longdog;kutyakepek/254.jpg;Veniam aute eu dolor ea nisi incididunt est eiusmod. Cillum excepteur in dolor in lorem consequat.;Irure esse ex enim labore deserunt. Minim fugiat eiusmod sunt, laboris reprehenderit reprehenderit irure. Qui labore adipiscing consequat est dolore ullamco nisi sunt quis.;y2uu22u4@d3kF3KnX.com;+36602454141;0;4
94;Kevin;2020-9-20 16:33:5;0;0;0;1;kan;16;15;3;hörcsög;Kaliba kutya;kutyakepek/43.jpg;Pariatur consequat ea culpa esse id anim do qui proident, duis qui in lorem, non et dolor id nostrud consectetur sit. Voluptate ipsum mollit culpa eu excepteur minim.;Esse commodo dolor eu occaecat sit non reprehenderit. Ea eu nostrud consectetur enim aliqua velit non. Duis laborum occaecat ex exercitation minim cupidatat dolor ipsum voluptate.;wcc@mqwOZ.com;+3630351964;0;4
95;Shiva;2022-3-14 20:44:42;0;0;0;1;kan;14;17;3;kutya;Ausztrál juhászkutya;kutyakepek/543.jpg;Ad fugiat sed deserunt. Ipsum officia nulla proident aliquip.;Aute consequat aliquip id in ex commodo incididunt dolor mollit, lorem sunt officia enim cillum anim. Nulla fugiat laborum laboris exercitation culpa, veniam et ex veniam incididunt cupidatat, anim cillum aute sed elit eu. Do sint nisi velit aliquip irure, culpa esse proident sed minim sed, consectetur laborum quis cupidatat laborum duis do est.;z8cVnQ@8mNI.com;+36505286738;0;2
96;Okonor;2023-5-18 12:24:19;1;0;0;0;szuka;4;3;3;kutya;Burgosi vizsla;kutyakepek/468.jpg;Ad non velit irure. Aliqua laboris lorem ea, dolor esse eu reprehenderit cillum proident.;Tempor cupidatat reprehenderit ut excepteur laborum fugiat consequat velit reprehenderit. Sit est id minim ipsum aliquip excepteur in est laborum, in eiusmod cupidatat ex nulla sunt ex elit, sint sunt sed ea. Anim non lorem minim incididunt non magna.;tkz@Chm.com;+36409518140;0;4
97;Ádáz;2022-4-25 14:4:39;1;0;1;1;szuka;10;36;3;egér;Kisspitz;kutyakepek/186.jpg;Velit tempor voluptate excepteur mollit adipiscing sunt. Minim nisi ipsum id nostrud, excepteur cillum ut anim esse proident.;Nisi aliquip minim officia culpa eiusmod consequat commodo aliqua irure. Mollit exercitation ipsum laborum occaecat. Duis ea sunt veniam.;6iTxajf@KVjzyo.com;+36408577978;0;4
98;Bagira;2020-6-23 15:30:42;1;0;1;1;kan;4;34;1;macska;Keeshond;kutyakepek/143.jpg;Sed exercitation aute reprehenderit. Magna ipsum ad aliqua qui aute consectetur duis cupidatat, officia excepteur enim eu ex ut laborum.;Anim ex aliquip est officia anim irure deserunt deserunt, excepteur nulla ullamco sunt nisi in. Laboris dolore consectetur ipsum, veniam reprehenderit minim fugiat consectetur. Voluptate pariatur eu laborum qui sed exercitation, officia sit incididunt duis enim dolor sed mollit lorem.;lRnKF6ira8@d0IvuOox.com;+36505888631;0;8
99;Szetti;2021-7-24 23:60:54;0;0;1;0;szuka;14;25;2;macska;Puli;kutyakepek/453.jpg;Non adipiscing ad elit in. Consectetur nisi amet excepteur dolore veniam lorem nulla eiusmod quis.;Commodo sit pariatur consectetur. Esse ea anim cupidatat aliqua ipsum sed. Veniam consequat proident amet.;GjBLTC@Yvxh05.com;+36408012131;0;4
100;Gopher;2022-11-16 20:31:16;1;0;0;0;szuka;5;12;2;egér;Norrbotteni spicc;kutyakepek/291.jpg;Magna ex commodo pariatur, laboris fugiat culpa incididunt ex tempor, exercitation eiusmod aute labore eiusmod esse irure ea dolore tempor. Lorem fugiat in enim.;Excepteur ipsum sit aliquip anim eiusmod. Adipiscing pariatur irure sint cupidatat ullamco excepteur pariatur. Deserunt fugiat aliqua ipsum minim amet esse est occaecat, eu consequat pariatur occaecat enim.;pv3KXY@JItzdcNerJ.com;+364057367;0;3
101;Jabba;2022-6-28 7:5:35;1;0;0;0;kan;5;49;4;egér;Puli;kutyakepek/478.jpg;Dolor quis et aute id voluptate irure, voluptate enim proident sed velit ea sunt officia in, excepteur tempor do sed consectetur aute sunt. Deserunt non sint duis aliqua ex ex reprehenderit, adipiscing nulla elit consequat duis, esse magna cillum et.;Magna cillum magna ex sed proident consequat reprehenderit, dolore adipiscing minim commodo officia aliquip. Pariatur ut cillum commodo elit elit qui sunt. Enim in pariatur velit exercitation duis consectetur deserunt mollit ea.;Qun@wQOqYN.com;+36504938663;0;4
102;Bessz;2021-8-24 12:5:14;1;0;0;0;szuka;12;19;4;egér;Pointer;kutyakepek/425.jpg;Enim tempor duis aliqua adipiscing magna amet ullamco culpa, sed aliqua qui commodo aute exercitation dolore id qui. Cillum tempor sit deserunt culpa, anim dolor sunt irure ea enim fugiat pariatur.;Exercitation officia incididunt eu, consequat aute occaecat nisi cupidatat labore elit, et sit dolore nostrud pariatur voluptate officia. Nulla ea qui nostrud esse do duis ut fugiat. Ad sunt culpa amet cupidatat.;c0nbLsY4nx@WXWtX6Mr.com;+36603902136;0;4
103;Szetti;2021-7-7 1:18:18;0;0;1;0;kan;9;17;3;egér;Skót juhászkutya;kutyakepek/409.jpg;Amet in et culpa. Excepteur minim eu esse irure duis.;Aliquip cillum proident cillum nulla laboris voluptate dolore magna. Do reprehenderit fugiat adipiscing quis. Ex officia esse fugiat dolor incididunt sed commodo non.;Fw3Ae@dF7m.com;+36404645847;0;3
104;Ollé;2022-9-27 10:32:47;1;0;0;1;kan;8;46;3;papagáj;Mallorcai masztiff;kutyakepek/83.jpg;Adipiscing aute eu fugiat amet ea sint. Elit nostrud non cillum ex magna quis labore et consequat.;Anim culpa cillum cillum reprehenderit enim ex cupidatat consectetur eu. Velit nisi sit voluptate. Lorem cupidatat do veniam eu commodo, eiusmod labore ullamco reprehenderit aute.;d17@tcInq.com;+36404470378;0;1
105;Polli;2023-10-22 21:52:19;1;0;0;0;kan;1;32;1;hörcsög;Entlebuchi havasi kutya;kutyakepek/566.jpg;Sunt excepteur minim ipsum ullamco mollit ullamco duis amet, culpa deserunt duis aliquip, eu velit aliqua commodo excepteur. Aliqua incididunt est esse ea dolore ex, consectetur id sit eiusmod exercitation.;Velit incididunt commodo est nisi duis adipiscing sit. Exercitation culpa irure ipsum laborum dolore et dolore. Eiusmod eu elit sed id proident deserunt officia, exercitation quis pariatur reprehenderit amet nostrud.;j73m3FSi@O4BB7GHjTy.com;+36505139743;0;2
106;Dingó;2022-8-11 22:2:15;0;0;0;1;kan;4;2;1;papagáj;Bergamói juhászkutya;kutyakepek/95.jpg;Ipsum eu commodo ad labore laboris. Aute sit ea lorem elit deserunt nostrud, sunt laborum sint dolor dolore culpa nisi exercitation cupidatat tempor.;Labore dolor ad cillum non laborum. Ipsum pariatur exercitation cupidatat esse cillum nulla sunt lorem, irure laboris lorem officia enim. Exercitation enim dolor ea.;eGDxlP@WKMfuVPeZo.com;+36605374019;0;7
107;Fifi;2020-11-25 21:23:14;0;0;1;0;kan;7;50;3;macska;Amerikai cocker spániel;kutyakepek/499.jpg;Id dolore eu enim sed in aliquip consequat excepteur. Id elit incididunt duis laborum ipsum sit et adipiscing est, sint proident officia dolor ipsum dolore nulla do.;Sunt ullamco tempor elit, minim amet proident lorem lorem nulla, dolore qui officia enim. Non magna aute sit aliqua ut cillum fugiat anim pariatur, ex enim fugiat cillum aliquip ex voluptate incididunt in. Tempor excepteur occaecat adipiscing mollit excepteur consectetur exercitation exercitation, non irure in nulla enim veniam labore nostrud mollit.;GUaS0p@rHpGt8k1d.com;+36302910117;0;1
108;Stella;2022-1-27 3:51:49;0;0;0;0;kan;19;29;4;macska;Pekingi palotakutya;kutyakepek/26.jpg;Dolore veniam adipiscing officia pariatur sed laboris elit elit ad. Pariatur tempor ad ipsum ut est anim quis nulla mollit.;Do laboris sunt nulla minim exercitation mollit esse reprehenderit voluptate. Ea commodo aliqua ex, consectetur fugiat sit id lorem culpa nulla ea occaecat consequat. Tempor non do consectetur nostrud velit ex, ea anim ipsum eu aliqua officia ad quis ullamco eu, labore velit proident mollit laborum voluptate enim aliqua.;d74sK@45guraeev3.com;+36302870246;0;3
109;Gombi;2021-3-25 7:41:35;0;0;1;0;kan;5;27;1;kutya;King Charles spániel;kutyakepek/239.jpg;Dolore id ullamco esse velit fugiat sint sit excepteur minim, incididunt lorem ut commodo qui aute magna adipiscing tempor exercitation. Labore occaecat amet elit dolor exercitation ad consequat do.;Eu elit consectetur officia dolore. Velit ex amet et quis ex. Est incididunt id id, minim ea officia laborum nostrud magna, ipsum culpa tempor ex irure eiusmod aliquip qui.;89tUqre@2H05u0.com;+36508108091;0;3
110;Parádé;2023-10-23 22:0:36;0;0;0;1;kan;10;49;4;kutya;Kishu ken;kutyakepek/373.jpg;Amet nulla cillum ex nisi amet. Sed dolor adipiscing aliquip sint dolore.;Tempor adipiscing sunt adipiscing nostrud. Proident non eiusmod nisi ea cillum deserunt incididunt nulla. Eiusmod voluptate minim aute ut do.;bvKJDjvD@CYGzb.com;+36604111848;0;4
111;Hobbit;2020-11-1 4:24:50;0;0;1;0;szuka;16;17;4;papagáj;Hosszúszőrű német vizsla;kutyakepek/506.jpg;Aute minim anim ex ut proident est enim, aliqua amet est aliquip, lorem in tempor nisi ad esse adipiscing. Aute culpa voluptate exercitation eu occaecat ipsum et.;Excepteur lorem aliquip anim nostrud do. Officia est ut veniam tempor voluptate sit exercitation, pariatur ut nulla nulla eu consequat. Sed laborum eiusmod ipsum esse dolor do pariatur tempor ad.;Xuv1Y2Y@ZgnVf9R.com;+36409422609;0;7
112;Gerry;2022-9-8 21:47:59;1;0;0;1;kan;17;24;3;egér;Lengyel agár;kutyakepek/435.jpg;Proident duis irure ut mollit consectetur laborum. Elit quis elit officia veniam ut fugiat ea.;Cupidatat amet sunt amet exercitation eiusmod commodo quis reprehenderit excepteur, esse laborum minim tempor labore ullamco deserunt dolor ut. Ipsum nisi sint dolore enim commodo in deserunt minim sed, non sint voluptate est aliqua velit laboris ea sed mollit. Fugiat elit consectetur commodo.;urFf@446jX.com;+36306198170;0;3
113;Mézeske;2021-8-23 13:21:51;0;0;0;0;szuka;19;36;4;papagáj;Kínai kopasz kutya;kutyakepek/232.jpg;Sint eiusmod esse nulla et duis eu ut elit. Amet ullamco ipsum nostrud anim ullamco sed exercitation.;Cupidatat est duis nisi officia consequat. Aliquip pariatur do occaecat amet irure exercitation laborum pariatur, do consequat ut aliqua ullamco proident culpa proident. Dolor labore fugiat elit officia culpa ea.;jYuG@Ef3fd.com;+36509794687;0;4
114;Bogáncs;2021-2-5 16:1:0;1;0;0;1;szuka;16;15;2;kutya;Angol springer spániel;kutyakepek/161.jpg;Excepteur veniam quis tempor sit lorem ea magna quis. Sed mollit ad amet esse non adipiscing magna.;Ad consequat laborum in velit sed. Aliquip id labore consectetur magna ad ex qui consequat veniam. Eu dolore eu adipiscing culpa labore elit exercitation, sint consectetur sunt cillum aliqua.;GZ0VBF@9sh.com;+36309447416;0;3
115;Lassie;2020-11-5 11:34:28;1;0;0;1;kan;4;16;4;papagáj;Golden retriever;kutyakepek/250.jpg;Esse aliqua officia quis sit reprehenderit ex velit laboris. Irure nisi nostrud commodo cupidatat amet est mollit in ad.;Voluptate excepteur reprehenderit sed consectetur. Consequat nostrud mollit quis ex ullamco laboris consequat. Ut sed ad magna nostrud.;Xhm@8Z33.com;+36603562949;0;1
116;Nelson;2022-11-12 16:14:5;1;0;0;1;kan;20;29;1;macska;Akbash;kutyakepek/399.jpg;Minim do magna velit. Commodo quis ullamco labore dolor duis excepteur, tempor dolore id irure sunt cillum.;Laborum velit est non nostrud. Voluptate nisi id anim sed esse, tempor proident consectetur esse commodo tempor consequat, minim ut non do et. Elit occaecat amet dolor officia mollit.;aA8Ryc0b@qHprz.com;+36505156901;0;7
117;Pedró;2022-9-7 14:41:10;1;0;1;1;szuka;3;15;3;hörcsög;Észak-amerikai juhászkutya;kutyakepek/493.jpg;Eiusmod sit eiusmod laboris qui laboris. Dolor officia tempor non deserunt veniam.;Labore id do aliqua anim irure magna. Adipiscing velit esse elit, aliqua nisi ut cillum sed cupidatat, nulla et est consectetur cupidatat fugiat id aliquip. Sint ut in eiusmod elit sed commodo laborum.;rC7S8HNi@0hOkmg4skm.com;+36505157073;0;1
118;Keksz;2022-4-2 4:22:18;1;0;0;1;kan;3;2;4;hörcsög;Ausztrál pásztorkutya;kutyakepek/528.jpg;Consectetur occaecat ea magna reprehenderit. Labore non est nostrud enim esse quis duis anim minim, qui occaecat sint elit aute dolore lorem voluptate minim.;Dolore eu minim nisi. Aliqua mollit ea duis consectetur officia deserunt occaecat sed. Dolor aute labore magna voluptate officia et eiusmod.;MWK@XHWX1l7M.com;+36601006106;0;3
119;Lassie;2023-9-15 21:51:44;0;0;1;0;kan;9;14;2;hörcsög;Orosz fekete terrier;kutyakepek/415.jpg;Cupidatat aliqua consectetur anim in id anim commodo deserunt duis. Nisi minim veniam id proident consequat sed minim officia.;Ut eu consectetur ipsum non lorem consequat. Incididunt fugiat dolore sed excepteur pariatur. Tempor laborum laboris ullamco.;XwBCeIgxbn@1nH3gdeOca.com;+36507613329;0;4
120;Szeszi;2020-9-14 23:19:59;0;0;0;0;kan;19;11;1;macska;Angol agár;kutyakepek/444.jpg;Reprehenderit non sunt magna. Est sint anim adipiscing in cillum ad.;Est reprehenderit nisi aute esse ex incididunt adipiscing, duis in labore qui voluptate nostrud labore. Aliquip et quis aute sit eu id amet consequat. Ex dolor officia fugiat occaecat.;zDMCTI6kTq@RtB7Lw.com;+3630428184;0;7
121;Karcsi;2021-1-17 18:36:48;0;0;0;0;szuka;19;26;4;egér;Máltai selyemkutya;kutyakepek/421.jpg;Eu aute eiusmod ut dolor anim mollit labore. Fugiat laboris culpa minim.;Est lorem officia dolore veniam mollit sunt. Tempor nulla dolor nisi laborum lorem velit, enim amet ex excepteur id nostrud, pariatur culpa officia irure enim amet in est. Eiusmod incididunt irure sint voluptate.;f0zi@3OKMacx3rF.com;+36503478366;0;3
122;Adél;2022-2-16 10:4:29;1;0;0;0;kan;15;37;4;macska;Rottweiler;kutyakepek/388.jpg;Esse pariatur proident ut occaecat ullamco eiusmod nulla incididunt voluptate. Ipsum duis aliqua sit est consectetur do.;Exercitation et aliquip deserunt occaecat aliqua ad ipsum veniam dolore. Qui duis dolor cupidatat pariatur proident sit enim do. Occaecat et qui labore nostrud cillum.;4HMfDp@Znadgs.com;+36604953463;0;8
123;Mambó;2021-7-9 14:27:5;1;0;0;1;szuka;12;32;2;kutya;Kis angol agár;kutyakepek/203.jpg;Cillum deserunt proident in. Ea magna elit sit dolore culpa do cupidatat esse, proident dolor ex culpa labore duis sunt.;Cupidatat nisi sed fugiat est commodo. Duis sit irure enim dolore do. Duis cupidatat pariatur tempor nulla ea irure ipsum.;18hOhCUG2@S33.com;+36406657351;0;3
124;Frida;2020-5-3 11:23:37;1;0;0;1;kan;4;24;4;papagáj;Trikolor nagy angol-francia kopó;kutyakepek/104.jpg;Adipiscing sint nostrud consequat occaecat eu anim incididunt. Ullamco amet veniam anim lorem ad in culpa cillum, deserunt ipsum enim pariatur, tempor et dolor reprehenderit aliquip sunt eiusmod nisi magna dolore.;Ex aliqua irure proident laborum sunt, commodo mollit in nisi duis mollit enim ex. Amet non amet excepteur voluptate incididunt. Est pariatur duis lorem aute eiusmod.;0AdB3uZp2@6QrTFJsaxR.com;+36508521940;0;8
125;Boomer;2023-1-18 9:25:11;0;0;1;1;szuka;11;25;1;egér;Azori-szigeteki kutya;kutyakepek/413.jpg;Esse proident sed aute. Adipiscing excepteur exercitation laborum dolor laboris.;Ad aliquip sunt officia nostrud adipiscing. Aliqua reprehenderit velit fugiat anim esse nulla commodo ex. Velit minim cupidatat reprehenderit pariatur minim esse est laboris, lorem ad nulla in cillum nisi, in ut laborum ex ex.;MD6q9B6@n1ryCdD.com;+36509569907;0;3
126;Mazsola;2023-4-24 21:26:29;0;0;1;0;szuka;8;1;3;kutya;Ausztrál kelpie;kutyakepek/436.jpg;Occaecat ullamco mollit nostrud officia dolore minim. Cillum eu eiusmod deserunt sunt, quis sed commodo voluptate.;Pariatur mollit tempor cillum, est nostrud aliqua eu sunt. Veniam elit ea adipiscing duis ad do cupidatat est quis, laborum aute elit deserunt cillum consequat qui. Velit commodo anim aute veniam culpa anim exercitation proident ex.;CdUARrmOT@QTKRy.com;+36506657042;0;4
127;Tofi;2020-5-14 22:56:45;1;0;0;1;kan;12;42;1;macska;Bichon frisé;kutyakepek/510.jpg;Elit labore amet minim qui dolor culpa. Sint ullamco reprehenderit culpa exercitation proident minim.;Id exercitation qui reprehenderit ex non nisi magna do aliquip. Lorem fugiat ullamco est officia labore proident veniam cillum. Velit fugiat occaecat cupidatat nulla pariatur, veniam officia laboris consequat sed consectetur ex anim.;Bw5OiRFVd@wmx4DJ.com;+36302110234;0;4
128;Igloo;2021-8-27 22:27:23;1;0;1;0;kan;3;39;3;kutya;Cavalier King Charles spániel;kutyakepek/101.jpg;Laborum consequat est excepteur dolor mollit duis. Minim elit duis ipsum, proident laborum cupidatat commodo veniam sed.;Adipiscing amet proident ex incididunt. Est proident sunt sint nisi. Nostrud amet mollit incididunt ea quis sed.;CdhXT7Fw@1cMetth5K3.com;+36503316882;0;4
129;Cherie;2022-5-22 7:16:26;0;0;1;0;szuka;9;42;1;kutya;Smålandi kopó;kutyakepek/14.jpg;Anim amet mollit ad ea dolore minim nulla est cillum. Tempor sunt commodo excepteur lorem ut ipsum.;Dolore nisi excepteur sunt enim sunt eiusmod sed et voluptate, fugiat non duis pariatur ullamco. Ipsum fugiat commodo aute mollit non occaecat. Voluptate laborum est dolore tempor minim incididunt sit, culpa eiusmod anim eu aliqua exercitation adipiscing adipiscing.;hk3YOEVeA@QERTU.com;+36308938723;0;4
130;Bonnie;2023-2-5 16:17:39;0;0;1;0;kan;14;48;3;egér;Nagy angol-francia kopó;kutyakepek/565.jpg;Ullamco commodo adipiscing labore dolor. Sit consequat magna culpa sed lorem elit irure reprehenderit excepteur.;Laboris velit laborum aliqua ad ut sed id. Fugiat commodo ex cillum deserunt anim fugiat. Adipiscing exercitation in pariatur adipiscing ea aliquip proident, cillum ut sunt non amet duis nostrud anim esse.;ROxMAcSMN@VszZDfHosY.com;+36601208798;0;1
131;Pitti;2023-9-28 11:37:45;0;0;1;1;kan;12;7;2;hörcsög;Berni kopó;kutyakepek/167.jpg;Officia ea esse laborum. Nostrud minim esse occaecat cupidatat dolore enim.;Ut cillum exercitation laborum, consectetur sunt dolore est incididunt culpa id lorem id. Mollit non ea in ex quis fugiat dolore cillum eu. Exercitation minim aliquip dolor velit proident proident aliqua sit, magna aute voluptate pariatur esse culpa fugiat minim labore.;37OZdNDX9w@h1C53.com;+36605630199;0;4
132;Napóleon;2020-3-1 2:14:43;1;0;1;1;kan;3;1;2;hörcsög;Fehérorosz juhászkutya vagy kelet-európai juhászkutya;kutyakepek/112.jpg;Fugiat mollit laboris voluptate, consequat cupidatat ea id exercitation irure excepteur dolor in. Anim dolore adipiscing quis exercitation eiusmod nisi.;Laborum dolore voluptate ut esse occaecat amet aliqua dolor ullamco, pariatur elit nisi commodo quis. Veniam do eu do ipsum ullamco anim velit et id. Excepteur pariatur dolore esse culpa elit sunt labore.;osOpm2n@Nbd8pXa.com;+36309400930;0;2
133;Szeszi;2023-4-14 9:13:39;0;0;0;0;szuka;2;40;1;macska;Berni pásztorkutya;kutyakepek/175.jpg;Ullamco commodo in sit exercitation incididunt magna voluptate voluptate aute. Reprehenderit minim est esse lorem cupidatat ullamco nulla, incididunt aute eiusmod deserunt et quis.;Sed aliquip incididunt consectetur enim sit sint. Dolor amet incididunt consequat reprehenderit irure pariatur excepteur, proident magna esse id occaecat esse qui laborum sed. Cillum enim anim deserunt, labore ut qui officia.;GfaCV@MRq.com;+36606944247;0;3
134;Zorró;2021-3-15 1:59:57;1;0;1;0;kan;8;26;1;kutya;Szlovák csuvacs;kutyakepek/119.jpg;Anim tempor eu adipiscing reprehenderit non duis, eiusmod in sed ipsum, deserunt cupidatat ea culpa fugiat ut nisi ea veniam. Ipsum occaecat officia dolor irure.;Ea adipiscing et dolore qui, ea proident dolor velit eu labore ipsum et nisi. Laborum consequat adipiscing officia mollit incididunt deserunt aliqua excepteur ad. Ipsum duis veniam velit.;Zf8BC8Vo@wrE.com;+36606553016;0;3
135;Lolka;2020-1-26 8:17:49;0;0;1;1;szuka;5;25;1;kutya;West highland white terrier;kutyakepek/315.jpg;Laborum do eu veniam sed aliqua mollit consequat mollit dolor. Reprehenderit laboris occaecat eu ut enim anim deserunt consectetur reprehenderit.;Officia dolore cupidatat nostrud velit sint. Ea enim adipiscing ad in laborum sed. Minim culpa voluptate veniam aute ut pariatur dolor.;DxPs8gzu@Pkar.com;+36506170257;0;8
136;Rolf;2020-8-27 1:52:12;0;0;0;1;szuka;19;19;2;papagáj;Bullterrier;kutyakepek/200.jpg;Officia est nostrud magna. In est veniam minim eiusmod.;Labore ut voluptate fugiat cupidatat do voluptate aliqua mollit. Sunt ipsum sed pariatur incididunt. Amet aliquip lorem aliqua cillum officia enim.;2hMxK4noJR@l7GSzPvk.com;+36608619600;0;4
137;Stella;2020-1-12 13:30:9;0;0;0;1;szuka;2;26;2;kutya;Beauce-i juhászkutya;kutyakepek/392.jpg;Laborum voluptate esse fugiat velit nisi proident reprehenderit laborum. Et quis cillum nulla, labore anim enim culpa in qui nisi irure.;Commodo ex minim dolore, laboris dolor sed ipsum labore sunt esse, velit duis aliqua dolor proident nulla tempor. Sit nulla exercitation officia mollit, sed reprehenderit commodo adipiscing amet deserunt do minim quis. Do labore magna laboris qui nostrud incididunt.;mtBg@DxTzxhHzR.com;+36304957642;0;2
138;Kefir;2020-2-22 23:52:37;0;0;0;0;szuka;2;48;2;hörcsög;Trikolor nagy angol-francia kopó;kutyakepek/112.jpg;Labore minim excepteur ut dolor fugiat eu cupidatat consectetur magna. Ipsum amet excepteur sed laborum fugiat exercitation adipiscing sunt, nostrud enim culpa id.;Excepteur consectetur voluptate deserunt magna adipiscing. Excepteur amet exercitation mollit dolore non laboris aute ea lorem. Ullamco fugiat qui et et dolor occaecat cupidatat.;RqzfpBz@ZEvp2cb.com;+36308780695;0;2
139;Parádé;2023-10-3 20:60:20;0;0;0;1;szuka;1;15;3;kutya;Kis schwyzi kopó;kutyakepek/56.jpg;Sed qui incididunt in labore, aliqua in dolore aliquip consectetur culpa veniam. Lorem laboris officia adipiscing duis ipsum, exercitation eu irure minim cupidatat sunt consectetur pariatur.;Consequat aliquip sint ea eu excepteur. Ad sunt esse elit. Elit nisi est consequat consectetur adipiscing sit labore minim.;wgtSMXZh@PEvDkOTz.com;+36301753686;0;3
140;Éva;2020-10-9 21:5:33;0;0;1;0;szuka;9;13;2;papagáj;Alpesi tacskókopó;kutyakepek/269.jpg;Laborum exercitation et duis. Duis ad sunt dolore.;In reprehenderit non nulla occaecat lorem excepteur proident excepteur cupidatat. Consectetur non sint aliqua laboris elit aliquip. Commodo sit exercitation consequat laboris, culpa voluptate ullamco exercitation, duis sunt consequat aliquip.;Sjb2nONtZ@Lmrk.com;+36409049873;0;2
141;Héra;2022-6-6 5:9:53;0;0;1;1;szuka;14;35;3;papagáj;Airedale terrier;kutyakepek/434.jpg;Commodo ex laboris nulla officia. Velit incididunt incididunt veniam qui quis enim ipsum.;Pariatur cillum sed voluptate enim labore ullamco excepteur ut et. Adipiscing anim pariatur est cupidatat magna ad quis amet occaecat, sint minim lorem est. Deserunt in occaecat est.;FlfcrLZG@QR4e3KPa.com;+36402452914;0;8
142;Nimród;2021-6-26 1:53:34;1;0;1;1;kan;19;4;1;kutya;Berni kopó;kutyakepek/169.jpg;Mollit pariatur ad proident sunt reprehenderit, culpa occaecat consectetur deserunt irure. Qui tempor cupidatat cillum labore.;Aliquip anim consequat incididunt incididunt eiusmod. Elit minim adipiscing cillum ea non eu excepteur officia elit. Sint aliqua aute reprehenderit.;7Rb@Hr32pzQWN.com;+36502060176;0;4
143;Pötyi;2022-2-25 10:25:2;0;0;0;1;kan;2;14;2;kutya;Kis oroszlánkutya;kutyakepek/75.jpg;Adipiscing voluptate ipsum lorem consectetur ea esse duis minim enim. Ut cillum magna officia magna quis.;Ad excepteur officia et enim sed eiusmod, fugiat dolore elit consectetur deserunt, laborum sit nisi ea ullamco tempor ipsum mollit mollit enim. Occaecat et incididunt nulla non irure, laborum tempor cillum irure aute aute. Reprehenderit consequat nostrud ad sit sint cupidatat culpa eu, deserunt veniam dolore sed.;Lp0gZweW@D5BX.com;+3630511160;0;3
144;Kloé;2021-2-9 10:21:25;0;0;0;1;kan;6;47;4;macska;Chinook;kutyakepek/457.jpg;Et fugiat veniam aute in lorem fugiat elit, sit quis non labore id voluptate amet anim reprehenderit, pariatur culpa ipsum qui eu voluptate. Amet dolor anim dolore excepteur velit sed, aliqua laboris proident aliqua cillum excepteur cupidatat irure nostrud.;Consectetur amet ut lorem et sint sint, dolore laboris aliquip ut amet nulla. Ea eiusmod proident est. Et dolor excepteur magna, sunt non laboris aliqua labore dolor fugiat tempor.;3cJ@fEf.com;+3650622695;0;8
145;Rézi;2020-5-4 20:7:5;0;0;1;1;szuka;10;13;1;egér;Coton de tuléar;kutyakepek/442.jpg;Fugiat quis in non, commodo laboris anim laborum. Exercitation aliquip occaecat eu et deserunt, eu nostrud dolore sed.;Duis ullamco duis deserunt incididunt anim lorem do magna culpa. Eiusmod sunt culpa pariatur veniam reprehenderit dolor. Enim dolor elit minim occaecat labore consectetur adipiscing, aliqua sed voluptate consequat occaecat exercitation officia anim pariatur.;7SKR1@2CXlX.com;+36501014132;0;1
146;Lucy;2022-5-6 19:59:33;1;0;0;1;szuka;18;46;4;hörcsög;Sinka;kutyakepek/97.jpg;Velit culpa nisi sit occaecat eiusmod voluptate sed, laborum ullamco lorem in. Id irure proident et.;In dolor laborum voluptate labore magna officia. Voluptate ex excepteur id reprehenderit non velit do cillum, ipsum ad eu ipsum velit, duis irure duis nulla occaecat deserunt commodo excepteur proident magna. Ipsum laboris lorem elit laboris et lorem excepteur laborum cupidatat.;LNGjke2g@jcZ.com;+36504237291;0;1
147;Limbó;2022-9-9 7:48:8;1;0;0;1;kan;8;18;1;kutya;Leonbergi;kutyakepek/498.jpg;Labore consequat excepteur enim ad ad veniam occaecat pariatur. Consequat lorem aute mollit officia.;Nisi non voluptate elit magna reprehenderit. Amet sed et nostrud ea id proident pariatur eiusmod. Nulla in magna veniam.;SX7o@hFJVM5j.com;+36508734982;0;2
148;Melák;2022-2-18 17:34:43;0;0;1;1;kan;11;45;2;egér;Norrbotteni spicc;kutyakepek/376.jpg;Proident aliquip mollit exercitation est ut sit. Anim magna occaecat irure.;Laboris consequat do ut minim ipsum cupidatat. Enim lorem reprehenderit occaecat. Commodo deserunt aliquip veniam elit culpa ex deserunt.;dzujYiL@EWOaeIzDl.com;+36304351493;0;8
149;Jockey;2022-2-1 24:56:30;0;0;1;1;szuka;2;41;1;egér;Orosz fekete terrier;kutyakepek/133.jpg;Excepteur occaecat ullamco veniam laboris, dolore magna adipiscing amet excepteur sed voluptate cupidatat officia proident. Ea nostrud quis qui officia fugiat sunt irure.;Nisi do enim sunt nostrud nisi nostrud. Proident non magna et sint occaecat exercitation. Sed ipsum quis enim, consectetur duis mollit qui nulla.;qSw@MsZT.com;+3630251011;0;3
150;Nudli;2022-11-5 18:20:47;0;0;0;0;szuka;11;6;3;egér;Lhasa apso;kutyakepek/302.jpg;Dolor sunt ut cupidatat nulla dolore fugiat laborum. Adipiscing incididunt elit voluptate mollit reprehenderit sit mollit, et duis aliquip non.;Officia minim excepteur minim nisi dolore est occaecat proident non, anim sunt excepteur voluptate dolore consequat. Mollit eu enim in magna, velit pariatur aliqua duis veniam nostrud est laboris nisi. Sed incididunt dolor qui tempor ex, nulla ipsum labore mollit proident cillum aliquip enim.;uh902gJFRP@DCaG.com;+36405184406;0;4
151;Szetti;2021-6-9 9:13:22;1;0;0;1;kan;10;43;2;kutya;Kárpáti pásztorkutya;kutyakepek/91.jpg;Velit officia amet quis cillum lorem voluptate excepteur sunt ut. Reprehenderit anim ea occaecat ullamco anim elit labore proident, nostrud laborum id tempor amet dolor.;Velit exercitation officia reprehenderit, in ea consequat duis amet. Nulla eu velit occaecat labore. In non tempor fugiat enim.;HPjVSV2C@YKt.com;+3660476210;0;3
152;Rinó;2023-12-25 18:26:28;1;0;0;0;kan;3;2;1;macska;Pembroke welsh corgi;kutyakepek/497.jpg;Esse eiusmod elit elit. Dolore veniam nostrud quis adipiscing, velit ea ad id commodo do labore aliqua consectetur qui.;Id anim eiusmod aliquip voluptate do ex non excepteur veniam. Exercitation commodo est ipsum eu in amet duis magna. Cupidatat consequat irure cupidatat quis.;8K7Kz@psG1rDlKWT.com;+36505325033;0;2
153;Vacak;2021-7-4 9:56:11;0;0;0;1;szuka;15;10;3;kutya;Portugál vizsla;kutyakepek/50.jpg;Magna velit ullamco laborum eu sed ut consequat, ex proident aliqua dolor est. Qui reprehenderit ex et occaecat fugiat sint, sunt laboris incididunt pariatur ut mollit excepteur.;Laborum eiusmod dolore adipiscing sed aliquip aliquip amet. Proident sint exercitation proident eu cillum nostrud elit nisi sit, in ut nulla pariatur commodo, mollit ea est deserunt minim aute cillum sint. Nisi ad velit reprehenderit pariatur pariatur esse, sunt minim non id eu velit ad est, id ullamco ea nostrud veniam ea officia nulla quis.;CQv8@EhrESD3EQM.com;+36509149506;0;2
154;Rejtély;2023-12-2 6:32:43;0;0;0;1;kan;1;42;1;papagáj;Afgán agár;kutyakepek/28.jpg;Proident reprehenderit excepteur aliqua nulla nostrud sed. Sed aliquip aute cillum velit irure, exercitation eu pariatur dolore quis magna labore, eu id voluptate laborum in enim proident.;Commodo eiusmod tempor aute culpa ullamco esse mollit quis. Do mollit exercitation commodo. Dolore ea tempor minim ipsum voluptate reprehenderit, pariatur et amet sint.;bGclcPs6@4PdrBg.com;+36403117006;0;1
155;Lilla;2022-3-2 23:2:45;0;0;0;1;kan;12;37;3;papagáj;Karéliai medvekutya;kutyakepek/490.jpg;Anim minim et adipiscing mollit magna laboris incididunt proident aliquip. Fugiat officia ea commodo consectetur, voluptate cillum cupidatat sit veniam, minim amet cupidatat ut pariatur sint.;Sunt magna ipsum amet reprehenderit commodo anim. Adipiscing sint aliquip enim nostrud aute est qui. Velit id eiusmod aliqua aute sunt duis quis, excepteur exercitation sed pariatur dolore.;DcCXcg@LvGrPlj.com;+36302463468;0;4
156;Luigi;2022-7-3 16:56:25;1;0;0;1;szuka;15;34;1;egér;Cseh szálkás szakállú vizsla;kutyakepek/539.jpg;Adipiscing nulla sit do. Duis in voluptate adipiscing ipsum minim laborum.;Fugiat culpa et tempor dolore dolor aliqua magna. Quis anim consectetur aute elit lorem laboris esse tempor. Magna ullamco eiusmod ipsum minim sed ex sint deserunt consectetur.;qP6OR@Z0Gw6aY.com;+36408099709;0;2
157;Nina;2023-2-26 13:30:37;1;0;1;1;szuka;10;22;3;kutya;Törpe schnauzer;kutyakepek/268.jpg;Ad culpa sint eu ea excepteur ut fugiat et est. Laboris minim labore exercitation nulla adipiscing esse quis ullamco.;Sed aliquip consequat fugiat anim deserunt duis lorem aliqua. Quis culpa velit minim excepteur nisi. Reprehenderit sed nostrud cillum pariatur consequat.;tsaguo@gnXvjcY.com;+36405597389;0;4
158;Peggi;2021-10-27 13:16:30;0;0;1;1;szuka;7;20;1;kutya;Japán terrier;kutyakepek/257.jpg;Id ipsum pariatur consectetur sint adipiscing incididunt mollit mollit esse, officia nulla in aliquip do laborum eu duis. Aliqua irure ex aute eu qui labore nostrud et, do proident sunt amet ea enim fugiat id sunt commodo.;Sint exercitation aute lorem labore exercitation ex ut cupidatat amet, qui labore eu sunt est ad non proident. Commodo sed incididunt anim velit excepteur. Qui officia ad nulla est mollit ea consectetur enim.;CMtr7@BQ8KS8Pc.com;+36407688914;0;1
159;Nessy;2022-3-10 8:47:54;0;0;0;1;kan;11;35;2;kutya;Osztrák kopó;kutyakepek/477.jpg;Cillum magna qui exercitation tempor. Ipsum commodo id mollit dolore elit sint velit id.;Aute enim dolor est. Eu ex esse officia consequat excepteur do consectetur fugiat tempor. Ut reprehenderit magna quis id veniam voluptate consequat.;ORetESr@rgD7WUg8mp.com;+36502375236;0;8
160;Keisha;2023-8-14 3:2:33;1;0;1;0;szuka;7;22;3;hörcsög;Japán terrier;kutyakepek/134.jpg;Consequat ullamco ex anim pariatur tempor cupidatat laboris magna. Officia laborum nostrud minim enim, occaecat nulla consectetur pariatur sunt qui ullamco eiusmod in.;Occaecat adipiscing qui lorem esse elit labore cupidatat nisi laboris. Veniam esse officia do veniam ex. Cillum est laboris qui minim amet ipsum sed.;TeMqcHX@WmSpp.com;+36404202918;0;4
161;Gopher;2021-6-10 6:37:51;0;0;1;1;kan;5;23;4;kutya;Bedlington terrier;kutyakepek/401.jpg;Magna tempor cupidatat veniam do pariatur duis proident, aliqua fugiat culpa esse velit. Voluptate excepteur minim quis labore.;Incididunt do commodo aute. Do irure enim nisi. Eu labore velit quis.;ubcSc7@AG0GjD0bwj.com;+3630743370;0;4
162;Jasper;2021-1-28 16:54:47;1;0;1;1;kan;8;49;3;kutya;Entlebuchi havasi kutya;kutyakepek/244.jpg;Ut ipsum enim excepteur qui commodo veniam elit do. Aliqua incididunt veniam consequat enim anim ut.;Ut qui deserunt et ea occaecat. Officia laboris laborum enim cupidatat deserunt proident dolore elit, eiusmod mollit tempor sint eiusmod sit. Est dolor ex quis laborum, nostrud nisi duis cillum.;m2tr8wxk@TaKkpvDxAd.com;+3630885602;0;4
163;Karesz;2021-9-20 23:52:4;0;0;1;1;kan;4;33;1;papagáj;Orosz agár;kutyakepek/180.jpg;Eiusmod deserunt labore voluptate, officia id adipiscing laboris quis nisi fugiat consectetur reprehenderit do. Sunt eu ea aute ullamco nulla non ut nulla cillum.;Mollit culpa exercitation laboris laborum sint eu. Anim exercitation commodo nisi. In qui non quis tempor ad amet amet.;WZ4CIp3ZUj@USAu.com;+36608315585;0;2
164;Vanília;2023-5-7 0:55:4;0;0;0;1;szuka;7;39;2;hörcsög;Brazil terrier;kutyakepek/302.jpg;Nulla lorem eu lorem commodo labore culpa anim, labore aute minim officia voluptate elit laborum do, officia minim nostrud laborum laboris irure occaecat magna magna. Et duis quis enim fugiat et.;Irure sed non voluptate. Exercitation tempor sunt dolor duis est est id consequat commodo. Nisi sint cillum ex, sit enim labore quis veniam sunt, dolore laborum reprehenderit adipiscing ex voluptate.;5icL7K@BB1OdrOK3D.com;+36504597175;0;1
165;Sziszi;2020-4-11 1:27:22;0;0;1;0;kan;17;29;2;papagáj;Welsh terrier;kutyakepek/147.jpg;Elit ullamco dolor sit excepteur ullamco. Adipiscing non irure dolore qui cillum exercitation irure, quis incididunt ad officia pariatur enim ea aute duis.;Consequat adipiscing officia incididunt sunt dolore, sit ea eu duis ut consectetur do ut anim lorem. Consequat tempor nulla veniam. Aliquip in incididunt aute magna irure.;mqj4XXiz@2duZ48g.com;+36306600351;0;1
166;Melák;2021-6-1 18:13:12;1;0;1;0;szuka;4;38;3;egér;Pudelpointer;kutyakepek/431.jpg;Elit anim adipiscing in. Id cillum sunt culpa commodo sit dolor duis amet.;Tempor sunt occaecat elit do. Ex amet ut ex, sed veniam sit ut labore non consequat sint officia quis. Minim minim excepteur esse ad exercitation officia consequat nisi, nisi velit incididunt excepteur ea magna aute, proident fugiat occaecat proident enim commodo ipsum.;rJjXJ@zVBzPStY.com;+36401460344;0;1
167;Bogáncs;2021-4-7 20:36:50;0;0;0;1;szuka;19;24;3;papagáj;Szálkásszőrű német vizsla;kutyakepek/171.jpg;Lorem in et deserunt duis sed anim. Aute duis ullamco cupidatat.;Eiusmod esse aliqua ut officia. Nostrud id deserunt dolor nostrud id id ut enim velit. Nostrud amet aute commodo et anim esse labore.;84Xj@zAUPu.com;+36306981670;0;2
168;Morti;2022-4-23 21:32:26;0;0;0;1;kan;4;46;1;papagáj;Angol szetter;kutyakepek/530.jpg;Qui cillum nostrud reprehenderit aliquip voluptate id ex. Ut esse voluptate commodo ullamco cupidatat ut laborum.;Sunt non tempor enim aliqua in, aute sit occaecat velit nisi culpa ullamco dolor sed. Voluptate est cillum ut ut qui sint commodo quis. Magna nulla voluptate nostrud aliquip.;q4RXJ7nu@2sP49QV4g.com;+36307050862;0;4
169;Dorel;2022-4-2 13:11:54;1;0;1;0;kan;13;11;4;egér;Norvég elghund;kutyakepek/432.jpg;In ex aliquip ullamco consequat nisi exercitation, mollit nostrud pariatur id nisi sunt excepteur tempor ut, in tempor elit eiusmod ad veniam voluptate pariatur incididunt. Nulla sit do anim minim nulla cillum.;Incididunt laboris anim elit enim laboris consequat lorem commodo lorem, esse officia proident sint sit sunt dolore aliquip ex. Proident minim nisi ea amet sed voluptate esse ea veniam, eu nisi culpa tempor quis velit enim veniam aliqua. Proident dolor minim commodo non fugiat labore aute dolore.;vFv@2jAAEfC6.com;+36609063430;0;2
170;Stella;2022-7-11 19:44:8;0;0;1;0;szuka;10;11;1;macska;Szerb kopó;kutyakepek/303.jpg;Non cupidatat consequat qui est incididunt nostrud laboris. Aliquip cupidatat anim duis occaecat velit eu ea.;Enim id anim in eu occaecat ex do dolore lorem, eiusmod labore reprehenderit sit lorem proident excepteur, velit minim exercitation magna quis. Voluptate ullamco eiusmod sit officia sed do aliquip esse, aliquip velit magna exercitation, est commodo officia cupidatat mollit. Ut exercitation et fugiat enim dolor laborum veniam aliqua, magna commodo commodo voluptate eiusmod nulla, sint ut ea laboris adipiscing elit laborum consequat duis aute.;rLmBk@QE4QNr.com;+36606505299;0;4
171;Ofra;2023-12-7 3:28:56;0;0;1;1;kan;4;44;1;hörcsög;Amerikai pitbull terrier;kutyakepek/216.jpg;Qui consequat anim nulla non deserunt commodo id sed ipsum. Est dolor ullamco sint esse duis incididunt.;Et culpa est labore laboris esse ipsum. Aute lorem ullamco proident nisi sed. Sint velit eu aliqua nostrud non.;aFq9YaYtx@QeCjPRay2.com;+36406912267;0;4
172;Cherie;2020-3-17 11:60:41;1;0;1;1;kan;18;49;3;macska;Münsterlandi vizsla;kutyakepek/419.jpg;Sunt sed nostrud eu ea. Laboris nulla sed quis consectetur nostrud cupidatat aute et.;Aliquip sunt et cillum adipiscing enim sunt mollit ea. Exercitation exercitation incididunt veniam quis non ex laborum sit, ut consequat sed in id proident ex pariatur cupidatat irure. Duis magna aliqua cillum qui.;tMcY@ypkYm7S5z.com;+36403580190;0;8
173;Rómeó;2021-5-12 17:26:57;0;0;0;1;szuka;14;1;1;hörcsög;Brüsszeli griffon;kutyakepek/14.jpg;Lorem do reprehenderit cillum quis sint officia ad aliquip. Veniam ex aliquip minim aliqua elit sed.;Sint excepteur ad ipsum non fugiat officia esse. Labore mollit exercitation sed ullamco cupidatat nisi, veniam lorem proident consequat nulla quis ipsum magna consequat do. Labore culpa adipiscing laboris reprehenderit officia, ut voluptate ut aliquip pariatur enim.;artGwLr@2ThA0Jvj9.com;+36407919364;0;3
174;Sparco;2022-10-21 11:20:32;0;0;0;1;szuka;18;32;2;macska;Spanyol vízikutya;kutyakepek/257.jpg;Ex est sunt in dolore et voluptate, amet officia do id velit aliquip reprehenderit magna. Amet eiusmod nisi sed officia nisi non nostrud eu minim.;Velit cillum elit dolor amet nostrud adipiscing mollit, elit ea nisi cillum. Esse consectetur sint aute. Sed in aliqua ullamco magna lorem reprehenderit ullamco, qui mollit proident do laboris, reprehenderit fugiat et voluptate.;WVu@B7n.com;+363028009;0;3
175;Pandúr;2021-4-12 6:28:17;1;0;1;1;kan;5;32;4;hörcsög;Angol masztiff;kutyakepek/351.jpg;Ut reprehenderit culpa ipsum proident minim proident. Velit anim fugiat eiusmod consectetur, laborum duis pariatur labore irure minim adipiscing, voluptate ullamco magna adipiscing consectetur sit id aliqua fugiat in.;Duis cillum anim elit sunt consequat id amet deserunt. Consectetur velit eiusmod reprehenderit sed. Proident in voluptate est ut labore, commodo do anim ut veniam magna.;jAqe0LnTCs@1wYL9Gwxq.com;+36508191783;0;2
176;Wolf;2022-6-1 23:2:35;1;0;1;1;szuka;19;23;1;kutya;Szlovák kopó;kutyakepek/28.jpg;Magna consequat consectetur sit et ipsum anim. Laborum proident est anim esse.;Mollit reprehenderit aliqua est velit consectetur. Occaecat laboris dolor sint magna. Culpa nisi irure ut aute, dolore laborum in ex minim lorem amet.;2Xy@0rR6G.com;+36608747949;0;7
177;Pepe;2020-5-4 18:17:27;0;0;0;1;szuka;2;28;2;hörcsög;Azawakh;kutyakepek/532.jpg;Consequat excepteur proident exercitation ipsum officia nulla aliqua aliquip, ipsum sit tempor enim qui ut et lorem, lorem deserunt sunt dolor ex incididunt in anim est proident. Velit id labore velit incididunt ea aute consectetur veniam, sed eiusmod nisi anim magna tempor minim mollit.;Deserunt nulla aute velit ut. Voluptate ipsum voluptate dolore esse magna enim sunt esse nulla, lorem officia labore sit tempor consequat ullamco cupidatat. Culpa exercitation non ut veniam veniam ad eiusmod, sint elit non id deserunt minim proident dolor aliquip qui.;htQs8SIJK@tTOU4ytfRk.com;+3640595140;0;8
178;Alfonz;2021-10-12 19:59:29;1;0;1;1;kan;15;20;3;macska;Welsh corgi;kutyakepek/18.jpg;Est dolore voluptate enim nulla aliquip exercitation consequat eiusmod sed. Ut tempor labore aute irure.;Sit esse mollit ipsum do commodo, duis excepteur proident exercitation aliquip aute sint adipiscing do. Tempor minim culpa mollit minim in laboris lorem, fugiat incididunt fugiat anim dolor cupidatat dolor sit laborum fugiat. Nisi ad eu enim aute aute ea commodo.;tK9pjer@S7zwE.com;+36302688385;0;7
179;Jonathan;2020-5-22 15:31:55;1;0;1;1;kan;5;12;2;macska;Flandriai pásztorkutya;kutyakepek/343.jpg;Eu deserunt lorem velit nulla consectetur dolor. Eiusmod est officia commodo consequat velit ullamco tempor ut.;Consectetur quis culpa non esse sint. Nostrud deserunt nulla non sint voluptate esse do. Mollit enim sit aliquip labore ad ullamco proident qui est.;wLMwTzGok@OmP3a.com;+36402228359;0;2
180;Gróf;2021-3-22 8:28:15;1;0;0;0;szuka;19;9;4;papagáj;Grönlandi kutya;kutyakepek/14.jpg;Dolore consequat ullamco pariatur. Et velit ad exercitation lorem ipsum, eu excepteur proident aute ut incididunt, sint consequat anim nostrud.;Fugiat dolor pariatur lorem cillum ea. Officia eiusmod enim anim laboris cupidatat aliqua, occaecat consectetur adipiscing duis sint occaecat laboris laborum, do elit officia duis esse sit est. Aliquip ullamco incididunt sit laboris nisi nulla nisi, in tempor culpa commodo.;sT75J@Lt1.com;+36509450628;0;1
181;Emil;2020-5-10 15:39:4;0;0;0;1;kan;18;12;1;macska;Törpespicc;kutyakepek/80.jpg;Duis ex eiusmod exercitation. Incididunt anim dolore officia qui nostrud cillum ipsum.;Amet ex in commodo minim culpa anim fugiat adipiscing quis, proident pariatur nulla ullamco non. Do est aute velit mollit enim adipiscing occaecat, mollit esse sed reprehenderit ea aliquip pariatur sint, qui laboris deserunt laborum consectetur aute nisi. Aliqua sint sit incididunt labore nostrud aliqua commodo duis, incididunt laboris tempor ad.;rPDzZj@N3Ay7.com;+36304618882;0;2
182;Nudli;2020-3-22 2:30:53;1;0;1;1;szuka;9;14;4;egér;Rampur agár;kutyakepek/103.jpg;Adipiscing voluptate ullamco ad do nostrud. Fugiat mollit cillum amet tempor ex consequat eu ea.;Culpa sit velit minim esse aliquip. Esse voluptate cupidatat anim cupidatat anim eu, et et enim deserunt et laborum irure sint commodo amet, amet sunt sint aliquip ad voluptate laborum qui. Ex non sint elit nostrud non aute nulla labore, proident incididunt sed nostrud.;DPV4z3hUT@iFX.com;+36404406654;0;1
183;Pisze;2022-4-5 16:56:9;0;0;1;0;szuka;15;20;2;kutya;Gascogne-i kék basset;kutyakepek/348.jpg;Culpa qui sint sunt reprehenderit ad lorem. Excepteur consectetur elit ullamco mollit laboris anim aliqua.;Eiusmod magna qui incididunt excepteur aute sed tempor nulla do. Eiusmod officia dolore do magna adipiscing nisi non nulla. Eiusmod laboris irure dolor officia et dolor.;8VV6@h3x8z62dl.com;+36301381173;0;1
184;Fifi;2021-5-19 9:41:15;1;0;0;1;szuka;4;38;1;papagáj;Boszniai kopó;kutyakepek/384.jpg;Nulla mollit adipiscing culpa, ut non officia do. Magna consequat ut excepteur cupidatat labore dolore ipsum qui.;Magna est laboris ad pariatur esse, do cillum ex ad consequat deserunt et. Sed consectetur nulla sit. Quis ea exercitation cillum reprehenderit adipiscing sit.;OGuVg0kZ@Yfkcq.com;+36502204354;0;1
185;Kevin;2020-5-16 18:30:57;0;0;0;0;kan;12;7;4;kutya;Óriás schnauzer;kutyakepek/480.jpg;Qui dolore consectetur anim et aliqua magna est in mollit. Sunt occaecat pariatur officia sed ut occaecat dolor voluptate ullamco, fugiat veniam elit enim aliquip commodo proident.;Sit sint laborum veniam, anim excepteur officia in, magna dolore nostrud id quis in. Duis labore veniam cupidatat labore dolor, ut enim aliquip nostrud enim culpa anim, minim sit deserunt exercitation tempor qui. Pariatur in aliqua cillum mollit ex esse, esse exercitation consequat sed eiusmod ex sint ea cupidatat, ad sit amet officia proident aliquip incididunt.;q8DldnLYk@0XQY.com;+36502661830;0;4
186;Nimród;2022-9-5 19:56:35;0;0;1;1;szuka;17;21;2;papagáj;Pomerániai törpespicc;kutyakepek/516.jpg;Do aliquip sint dolor qui pariatur nisi. Enim cupidatat mollit ex proident minim quis lorem sed laboris.;Voluptate eiusmod est ullamco aliquip amet. Consequat duis culpa cupidatat, lorem quis non laboris ex veniam ad. Officia aute ut nulla laboris qui deserunt amet.;0WOar@nn9Jpsf.com;+36509232938;0;7
187;Orlando;2021-2-18 16:2:1;0;0;0;1;kan;10;25;2;kutya;Alentejo masztiff;kutyakepek/552.jpg;Voluptate sed nisi laborum excepteur ad dolor exercitation dolore aliquip, anim proident labore anim. Dolor laborum culpa aliqua ad, amet id consectetur enim officia irure id duis magna.;Incididunt lorem nisi fugiat qui nulla sed ad. Sint amet dolor aliquip officia. Non est et quis duis duis lorem ut.;zoMmkEYkg@UDxIyARv.com;+36509800450;0;2
188;Jasper;2020-12-13 4:39:17;0;0;1;0;szuka;12;30;1;papagáj;Labrador retriever;kutyakepek/321.jpg;Est sunt amet cillum, id esse consequat duis veniam. Voluptate nulla ea incididunt et aliquip non magna est, anim ea duis ipsum mollit dolore sit aliqua.;Officia anim nostrud eiusmod duis fugiat enim. Id ipsum excepteur ad do exercitation pariatur non anim, dolore ut enim magna irure consequat irure cupidatat ipsum, qui consectetur ex ut. Dolore quis in adipiscing cillum duis et est non.;gSgKpFs2@aFNZIZuQ.com;+36408720799;0;4
189;Bugatti;2022-7-20 10:32:2;1;0;0;1;kan;6;14;4;macska;Ausztrál pásztorkutya;kutyakepek/62.jpg;Sit aliquip commodo veniam nostrud consequat aliquip. Amet ex eiusmod consequat velit.;Sint culpa nisi aute magna eu occaecat eu sit. Voluptate adipiscing est dolor id ea consectetur ad, voluptate ex nulla ad magna officia. Ex sit reprehenderit esse, enim velit est ut labore, qui consectetur exercitation culpa ut ullamco veniam sunt ipsum exercitation.;7erH@SBwmr0.com;+36309531183;0;1
190;Foxi;2023-8-18 6:8:13;0;0;1;1;szuka;11;29;2;macska;Rat terrier;kutyakepek/468.jpg;Lorem irure ipsum ad sunt non commodo dolor. Lorem do et amet nisi anim.;Nisi amet ea incididunt reprehenderit ea, excepteur occaecat tempor deserunt. Officia veniam consequat consequat eiusmod laboris ex qui irure, adipiscing non sint et duis. Consectetur amet veniam cupidatat in cupidatat elit commodo.;MgRK3t0O@uOhxIn2c.com;+36402838828;0;2
191;Mogyoró;2022-12-18 14:25:31;0;0;1;1;kan;17;34;4;egér;Drenti vizsla;kutyakepek/92.jpg;Mollit ut voluptate consequat nulla magna esse. Tempor ad dolor ut irure magna labore, laboris aliquip nisi cillum.;Cillum adipiscing reprehenderit quis in fugiat duis cillum eiusmod. Qui cupidatat sunt eiusmod mollit elit magna, velit exercitation dolor eu sed exercitation duis adipiscing dolor. Et sit sed irure do ipsum incididunt consectetur lorem mollit, excepteur ad dolore duis culpa consequat cupidatat elit nostrud cupidatat, aliqua amet non ex eu dolore nulla aliquip non commodo.;eFkb@IVR0.com;+36406897716;0;8
192;Zorró;2021-2-2 15:22:59;0;0;0;0;kan;15;48;1;egér;Bőrtokos kalippó;kutyakepek/156.jpg;Non velit excepteur cupidatat. Excepteur adipiscing elit aliqua voluptate nisi.;Consequat irure nostrud duis cupidatat labore magna. Dolore do amet dolor velit nisi enim nostrud. Ullamco reprehenderit cupidatat incididunt commodo enim et.;gIcHhSCA@9y9nXuBNjC.com;+36503993803;0;4
193;Jonathan;2022-1-8 9:59:36;1;0;0;1;szuka;13;17;2;macska;Tosza inu;kutyakepek/358.jpg;Ipsum sit in aliquip. Ea irure sint do dolor laborum voluptate.;Sunt adipiscing sit culpa sint. Cillum non enim nostrud tempor laborum id quis in, est sunt mollit excepteur commodo ex sed. Commodo nisi dolor velit laboris.;OPohgbk@y3u.com;+36306575077;0;1
194;Sziszi;2023-11-6 10:52:7;1;0;0;0;kan;10;3;1;egér;Fehérorosz juhászkutya vagy kelet-európai juhászkutya;kutyakepek/73.jpg;Sint cillum deserunt veniam aliqua dolor esse sit sint sunt, est commodo pariatur minim et ea et nulla. Sed aute quis ut ex cupidatat ad.;Ullamco sed ad qui consectetur. Sit magna mollit incididunt ullamco veniam eu aliquip, id quis deserunt enim voluptate proident commodo, velit id anim in ex proident velit occaecat et fugiat. Cupidatat aliqua eiusmod aute.;IINn2k6@f9752tK.com;+36303662455;0;2
195;Pénzecske;2020-9-10 8:46:18;0;0;0;0;szuka;1;28;4;macska;Mopsz;kutyakepek/405.jpg;Incididunt eiusmod eu veniam mollit in, culpa id laborum esse. Exercitation eiusmod sint duis amet velit, ad sit adipiscing ullamco qui non ut ex labore lorem.;Eu velit proident ipsum aliquip. Cupidatat sint aliqua incididunt nulla eu, aliquip aliqua laboris voluptate laboris velit ea velit reprehenderit, magna esse nisi non ad in fugiat. Elit lorem eu commodo.;JtpeaK@c6osVd8st.com;+36401062362;0;1
196;Darling;2021-1-5 23:36:12;0;0;1;0;kan;19;40;3;egér;Gascogne-i kék griffon;kutyakepek/164.jpg;Dolore eu aute aliqua ipsum. Anim quis pariatur sunt commodo.;Cupidatat eu ipsum nisi lorem cupidatat ut veniam irure. Voluptate velit excepteur ea ex esse sit dolor et. Fugiat consequat ad quis aute labore.;00TrmG3E@h0GdHGQFEF.com;+36608631727;0;3
197;Oszkár;2020-8-12 4:16:27;0;0;0;1;kan;9;16;3;macska;Abruzzói juhászkutya;kutyakepek/378.jpg;Sit ea voluptate velit fugiat. Aute excepteur ex lorem voluptate.;Adipiscing aute laboris deserunt. Nisi lorem fugiat aute eu veniam. Aliqua laboris cupidatat laborum tempor quis ex, ullamco in esse officia irure pariatur incididunt ipsum anim cillum, exercitation pariatur in dolor sed mollit.;68aGANZ@3r52Mt0c1M.com;+36506121938;0;1
198;Pandúr;2022-9-25 9:35:47;1;0;1;0;kan;6;16;4;kutya;bolonka francuska;kutyakepek/104.jpg;In laborum aliqua duis exercitation quis incididunt. Elit amet dolore ea anim aute culpa sunt ullamco, non officia sint fugiat eu esse laboris eiusmod voluptate consequat.;Officia adipiscing qui nulla proident duis est, enim quis cillum consectetur velit qui non et elit anim. Excepteur adipiscing consectetur sunt. Exercitation lorem deserunt laborum, laboris aliquip cillum ipsum id sint.;Cxd@Qco2Y.com;+36401139666;0;3
199;Héra;2022-5-16 12:15:37;0;0;0;0;szuka;20;29;2;egér;Mexikói meztelen kutya;kutyakepek/327.jpg;Nostrud officia exercitation eiusmod est occaecat occaecat quis elit nulla. Et elit magna mollit tempor anim lorem commodo, quis adipiscing pariatur dolore ex ut voluptate.;Voluptate sunt cillum lorem id commodo, ut est veniam dolor ullamco ullamco irure nostrud aute dolore. Exercitation exercitation proident et. Laborum sit eiusmod cupidatat.;oRGM9xMSM@f2q.com;+36404803563;0;3
